Y,M,SOI,NOI,ONI,Nino3,Nino34,AO,NAO,PDO,PNA,AMO,WHWP,NAOJ
1948,1,NaN,0.971,NaN,NaN,NaN,NaN,NaN,-0.11,NaN,-0.015,-0.17,1.53
1948,2,NaN,4.704,NaN,NaN,NaN,NaN,NaN,-0.74,NaN,-0.027,-0.18,0.66
1948,3,NaN,-0.896,NaN,NaN,NaN,NaN,NaN,-0.03,NaN,0.028,0.26,3.48
1948,4,NaN,-3.557,NaN,NaN,NaN,NaN,NaN,-1.33,NaN,-0.069,-0.03,-0.48
1948,5,NaN,-1.479,NaN,NaN,NaN,NaN,NaN,-0.23,NaN,-0.004,-0.46,-1.23
1948,6,NaN,-2.252,NaN,NaN,NaN,NaN,NaN,0.08,NaN,0.055,-0.2,-0.27
1948,7,NaN,-1.277,NaN,NaN,NaN,NaN,NaN,-0.92,NaN,-0.039,-1.6,0.59
1948,8,NaN,0.96,NaN,NaN,NaN,NaN,NaN,-1.56,NaN,-0.022,-2.42,0.34
1948,9,NaN,0.369,NaN,NaN,NaN,NaN,NaN,-1.74,NaN,-0.052,-1.81,0.82
1948,10,NaN,-0.315,NaN,NaN,NaN,NaN,NaN,-1.32,NaN,0.008,-2.02,0.43
1948,11,NaN,5.021,NaN,NaN,NaN,NaN,NaN,-0.89,NaN,0.135,-1.78,2.64
1948,12,NaN,2.2,NaN,NaN,NaN,NaN,NaN,-1.7,NaN,0.063,-0.28,1.09
1949,1,NaN,5.43,NaN,NaN,NaN,NaN,NaN,-2.01,NaN,0.154,-0.13,1.5
1949,2,NaN,4.361,NaN,NaN,NaN,NaN,NaN,-3.6,NaN,0.161,-0.13,4.01
1949,3,NaN,-1.439,NaN,NaN,NaN,NaN,NaN,-1,NaN,0.039,-0.29,-0.96
1949,4,NaN,-0.154,NaN,NaN,NaN,NaN,NaN,-0.53,NaN,0.099,0.53,3.41
1949,5,NaN,-1.666,NaN,NaN,NaN,NaN,NaN,-1.07,NaN,-0.023,-0.66,-1.39
1949,6,NaN,-1.579,NaN,NaN,NaN,NaN,NaN,-0.7,NaN,0.002,-0.6,-1.51
1949,7,NaN,-0.048,NaN,NaN,NaN,NaN,NaN,-0.56,NaN,0.072,-1.04,-0.93
1949,8,NaN,0.707,NaN,NaN,NaN,NaN,NaN,-1.3,NaN,0.103,-2.09,1.38
1949,9,NaN,-0.233,NaN,NaN,NaN,NaN,NaN,-0.93,NaN,0.071,-0.81,-1.81
1949,10,NaN,3.522,NaN,NaN,NaN,NaN,NaN,-1.41,NaN,0.105,-1.77,1.38
1949,11,NaN,-0.836,NaN,NaN,NaN,NaN,NaN,-0.83,NaN,0.108,-1.03,0.54
1949,12,NaN,4.214,NaN,NaN,NaN,NaN,NaN,-0.8,NaN,0.119,-0.32,0.11
1950,1,NaN,2.644,-1.53,23.56,24.55,-0.06,0.56,-2.13,-3.65,0.111,-0.17,0.55
1950,2,NaN,2.077,-1.34,24.89,25.06,0.627,0.01,-2.91,-1.69,-0.033,-0.3,3.31
1950,3,NaN,3.091,-1.16,26.36,25.87,-0.008,-0.78,-1.13,-0.06,-0.105,-0.96,0.82
1950,4,NaN,1.923,-1.18,26.44,26.28,0.555,0.65,-1.2,-0.23,-0.13,-1.93,1.61
1950,5,NaN,2.211,-1.07,25.69,26.18,0.072,-0.5,-2.23,-0.4,-0.058,-2.27,-1.73
1950,6,NaN,1.014,-0.85,25.51,26.46,0.539,0.25,-1.77,-1.99,-0.042,-2.23,1.26
1950,7,NaN,-0.336,-0.54,24.91,26.29,-0.802,-1.23,-2.93,-0.82,-0.055,-2.12,-0.87
1950,8,NaN,-0.236,-0.42,24.47,25.88,-0.851,-0.19,-0.7,0.79,0.021,-2.62,-0.28
1950,9,NaN,0.17,-0.39,24.01,25.74,0.358,0.39,-2.14,-1,0.01,-0.52,1.51
1950,10,NaN,-2.54,-0.44,24.17,25.69,-0.379,1.43,-1.36,0.7,-0.09,-2.14,0.78
1950,11,NaN,0.483,-0.6,23.86,25.47,-0.515,-1.46,-2.46,-1.74,0.081,-0.82,0.78
1950,12,NaN,-1.545,-0.8,24.15,25.29,-1.928,-1.03,-0.76,-0.28,0.089,-0.32,-1.88
1951,1,2.5,2.702,-0.82,24.79,25.24,-0.085,-0.42,-1.54,-1.18,0.104,-0.17,0.82
1951,2,1.5,1.878,-0.54,25.65,25.71,-0.4,0.35,-1.06,-2.11,-0.001,-0.3,0.93
1951,3,-0.2,3.103,-0.17,26.87,26.9,-1.934,-1.47,-1.9,-1.09,0.013,-0.93,-2.01
1951,4,-0.5,-3.88,0.18,27.37,27.58,-0.776,-0.38,-0.36,0.47,0.17,-0.7,-0.45
1951,5,-1.1,-2.213,0.36,27.07,27.92,-0.863,-0.5,-0.25,1.19,0.173,-0.93,-2.11
1951,6,0.3,-0.903,0.58,26.66,27.73,-0.918,-1.35,-1.09,-0.54,0.29,-0.56,-1.16
1951,7,-1.7,-0.336,0.7,26.42,27.6,0.09,1.39,0.7,-0.44,0.423,-0.07,1.1
1951,8,-0.4,-0.872,0.89,25.52,27.02,-0.377,-0.41,-1.37,0.02,0.304,2.23,0.85
1951,9,-1.8,-1.36,0.99,25.36,27.23,-0.818,-1.18,-0.08,-0.08,0.25,1.5,-0.22
1951,10,-1.6,0.21,1.15,25.58,27.2,-0.213,2.54,-0.32,0.43,0.26,1.55,-0.13
1951,11,-1.3,-1.165,1.04,25.91,27.25,-0.069,-0.54,-0.28,0.21,0.175,1.09,-0.97
1951,12,-1.2,-0.464,0.81,25.84,26.91,1.987,1.13,-1.68,-1.59,0.175,0.01,2.54
1952,1,-1.5,-1.444,0.53,25.8,26.67,0.368,0.57,-2.01,-3.19,0.172,-0.07,0.92
1952,2,-1,2.156,0.37,26.37,26.74,-1.747,-1.38,-0.46,0.08,0.183,-0.26,0.15
1952,3,0.9,1.74,0.34,27.05,27.17,-1.859,-1.97,-0.63,-0.69,0.231,-0.31,-1.14
1952,4,-0.4,-1.652,0.29,27.27,27.8,0.539,0.95,-1.05,0.89,0.192,0.35,2.79
1952,5,1.2,0.535,0.2,26.64,27.79,-0.774,-0.99,-1,-0.79,0.181,0.24,-0.94
1952,6,1.2,0.015,0,25.7,27.18,-0.441,-0.1,-1.43,0.53,0.383,0.85,0.02
1952,7,0.8,-0.538,-0.08,24.82,26.53,0.383,-0.06,-1.25,-1.57,0.373,-0.16,-0.79
1952,8,0.1,1.034,0,24.44,26.3,-0.03,-0.49,-0.6,0.77,0.404,2.42,-1.05
1952,9,-0.4,0.375,0.15,24.26,26.36,-0.383,-0.38,-0.89,0.4,0.362,2.44,-3.02
1952,10,0.6,0.623,0.1,24.36,26.26,-0.437,-0.28,-0.35,1.05,0.355,1.73,0.42
1952,11,0,1.179,0.04,24.07,25.92,-1.891,-1.32,-0.76,0.77,0.251,1.05,-1.51
1952,12,-2,-2.297,0.15,24.67,26.21,-1.827,-0.49,0.04,0.63,0.341,-0.05,-0.31
1953,1,0.5,1.742,0.4,25.72,26.74,-1.036,-0.12,-0.57,0.18,0.266,-0.17,-0.02
1953,2,-0.8,7.614,0.6,26.63,27,-0.249,-1,-0.07,1.04,0.186,-0.12,0.54
1953,3,-0.3,2.595,0.63,27.52,27.57,1.068,-0.45,-1.12,-0.44,0.142,0.57,1.25
1953,4,0.3,-0.952,0.66,27.72,28.04,-1.256,-1.96,0.05,0.78,0.314,1.58,-1.6
1953,5,-2.8,-0.631,0.75,27.37,28.28,-0.562,-0.56,0.43,1.14,0.343,0.09,-0.75
1953,6,0.2,1.682,0.77,26.88,28.12,0.023,1.41,0.29,-1.6,0.276,0.48,-2.96
1953,7,0,0.185,0.75,25.74,27.43,0.333,0.43,0.74,0.27,0.344,0.25,0.13
1953,8,-2,0.197,0.73,25.06,26.94,0.085,-1.04,0.05,-1.15,0.259,1.56,3.26
1953,9,-2.1,-0.722,0.78,25.19,27.01,0.662,-0.19,-0.63,-0.14,0.28,1.3,0.75
1953,10,0.1,1.669,0.84,25.1,26.87,-0.194,1.95,-1.09,2.27,0.148,0.47,0.77
1953,11,-0.5,-0.853,0.84,25.15,26.88,0.354,0.96,-0.03,1.57,0.245,1.21,3.25
1953,12,-0.8,6.026,0.81,25.43,27,0.575,-0.52,0.07,0.96,0.258,-0.1,0.15
1954,1,1.1,0.5,0.76,25.5,26.98,-0.148,-0.08,-1.32,-2.11,0.228,-0.13,0.1
1954,2,-0.5,1.101,0.47,26.27,27.03,-0.181,0.4,-1.61,-0.48,0.096,-0.29,0.57
1954,3,0.4,-1.303,-0.05,26.56,26.9,0.476,-1.27,-0.52,-1.44,0.101,-0.77,-0.29
1954,4,1.1,0.761,-0.41,25.61,26.64,0.512,1.31,-1.33,-2.86,-0.013,-1.49,-0.26
1954,5,0.8,-1.173,-0.54,25.62,27.12,-1.656,-0.03,0.01,0.65,0.07,-1.29,-0.91
1954,6,0.2,0.498,-0.5,25.04,26.8,-0.268,0.06,0.97,0.09,0.1,-1.71,-0.94
1954,7,0.7,0.403,-0.64,24.35,26.11,0.341,-0.57,0.43,-0.14,-0.044,-1.74,0.88
1954,8,1.8,1.899,-0.84,23.56,25.43,-0.122,-2.57,0.08,-0.11,-0.014,-0.79,-0.59
1954,9,0.3,1.242,-0.9,23.17,25.12,0.301,-0.28,-0.94,-0.04,-0.01,-0.7,2.49
1954,10,0.4,0.072,-0.77,23.32,25.23,0.513,1.16,0.52,0.99,-0.032,-3.83,2.09
1954,11,0.2,-0.26,-0.73,23.64,25.57,-0.328,0.29,0.72,1.38,-0.026,-1.95,1.54
1954,12,2.3,0.949,-0.66,23.68,25.26,0.553,0.55,-0.5,-0.82,-0.051,-0.25,1.44
1955,1,-0.9,2.308,-0.68,24.8,25.61,-1.163,-2.65,0.2,-0.14,0.076,-0.17,-1.17
1955,2,3.1,7.473,-0.62,25.7,25.81,-1.542,-1.71,-1.52,-2.62,0.041,-0.3,-2.21
1955,3,1.1,4.596,-0.69,26.3,26.22,-1.568,-0.96,-1.26,-2.47,0.042,-0.87,-2.9
1955,4,-0.2,1.63,-0.8,26.27,26.6,0.194,-0.6,-1.97,-0.24,0.096,-2.21,2.4
1955,5,1.7,3.862,-0.79,25.43,26.66,0.242,-0.26,-1.21,-0.42,0.177,-1.76,0.33
1955,6,2.2,1.871,-0.72,24.93,26.55,-0.266,-0.8,-2.44,0.11,0.194,-1.89,-0.18
1955,7,2.6,1.333,-0.68,24.4,26.15,0.332,1.78,-2.35,-1.32,0.269,-1.96,-1.32
1955,8,2.4,1.983,-0.75,23.66,25.51,0.76,1.25,-2.25,-0.55,0.175,-0.93,0.54
1955,9,2.2,1.979,-1.09,23.22,25.28,0.357,0.46,-1.95,-0.22,0.203,-0.65,0.82
1955,10,2.5,2.494,-1.42,22.58,24.41,0.099,-1.09,-2.8,0.51,0.279,-0.33,-2.35
1955,11,2,3.016,-1.67,22.71,24.25,-1.342,-1.49,-3.08,-0.93,0.386,0.62,-2.14
1955,12,1.6,-3.548,-1.47,23.14,24.57,-0.444,0.07,-2.75,-2.37,0.257,-0.32,0.51
1956,1,2.2,-2.126,-1.11,24.6,25.34,-1.204,-0.76,-2.48,-2.34,0.187,-0.17,-0.76
1956,2,2.7,5.06,-0.76,25.7,25.76,-2.029,-1.71,-2.74,-1.69,0.095,-0.3,-2.96
1956,3,2.2,5.191,-0.63,26.67,26.46,0.47,-0.46,-2.56,-0.97,0.014,-0.61,0.01
1956,4,1.5,0.577,-0.54,26.92,26.85,-0.868,-1.3,-2.17,-0.17,0.064,-1.43,-1.9
1956,5,2.3,1.273,-0.52,26.49,27.13,1.391,2.1,-1.41,-0.17,-0.058,-1.53,4.54
1956,6,1.8,2.335,-0.51,25.77,26.81,0.28,0.41,-1.7,-0.08,-0.264,-2.49,1.26
1956,7,1.8,2.644,-0.57,24.78,26.23,-0.215,-0.72,-1.03,-1.28,-0.09,-1.86,0.35
1956,8,2,3.112,-0.55,24.06,25.68,-0.652,-1.89,-1.16,-0.23,-0.098,-1.5,-3.15
1956,9,0.1,0.005,-0.46,23.88,25.73,-0.202,0.38,-0.71,0.42,-0.089,-1.97,-0.51
1956,10,2.9,3.177,-0.42,23.91,25.75,1.139,1.47,-2.3,-2.16,-0.043,-1.05,1.23
1956,11,0.2,5.012,-0.43,23.77,25.56,-0.066,0.4,-2.11,1,-0.087,-1.65,1.39
1956,12,1.8,6.564,-0.43,24.02,25.71,0.001,0,-1.28,-0.61,0.019,-0.23,2.57
1957,1,1,0.984,-0.25,24.94,26.04,2.062,0.71,-1.82,-2.18,-0.081,-0.17,2.53
1957,2,-0.1,-3.795,0.06,26.2,26.54,-1.513,-0.32,-0.68,-1.89,-0.106,-0.26,1.08
1957,3,0.3,-0.273,0.41,27.47,27.46,-2.013,-1.73,0.03,0.78,-0.019,0.12,0.42
1957,4,0.4,-0.869,0.72,27.86,28.23,0.238,0.39,-0.58,-0.41,-0.074,0.19,-0.62
1957,5,-1.1,-4.281,0.92,27.79,28.55,-0.966,-0.68,0.57,1.24,-0.121,0.64,-0.84
1957,6,0.3,-0.776,1.11,27.31,28.36,-0.76,-0.42,1.76,0.24,-0.012,1.35,-0.8
1957,7,0.4,0.644,1.25,26.88,28.17,-0.646,-1.16,0.72,-0.11,0.04,1.63,-0.48
1957,8,-0.8,1.251,1.32,26,27.69,0.097,-0.83,0.51,-0.99,0.202,2.42,0.7
1957,9,-1.5,-3.812,1.33,25.55,27.44,-0.956,-1.47,1.59,-0.22,0.221,3.15,-1.56
1957,10,0.1,-3.018,1.39,25.6,27.42,0.903,1.95,1.5,0.46,0.15,2.64,1.07
1957,11,-1.6,1.107,1.53,26.01,27.62,-1.38,0.63,-0.32,0.49,0.084,1.6,-1.59
1957,12,-0.5,-0.04,1.74,26.48,27.9,0.828,0.02,-0.55,-0.73,0.079,0.34,-0.12
1958,1,-3.1,-2.567,1.81,26.96,28.33,-1.438,-1.14,0.25,0.62,0.049,0.12,0.37
1958,2,-0.8,NaN,1.66,27.44,28.24,-2.228,-1.64,0.62,0.36,0.189,0.19,-0.03
1958,3,0.4,-5.996,1.27,27.72,28.27,-2.522,-2.46,0.25,0.18,0.344,1.82,-1.28
1958,4,0.6,0.264,0.93,27.81,28.27,-0.36,0.26,1.06,0.31,0.346,1.54,1.79
1958,5,-0.8,-4.307,0.74,27.29,28.31,-0.336,-0.17,1.28,0.66,0.201,2.42,1.1
1958,6,0.5,-0.981,0.64,26.57,27.99,-1.149,-1.08,1.33,1.48,0.221,5.75,-1.44
1958,7,0.7,-0.842,0.57,25.56,27.32,-0.684,-1.69,0.89,0.74,0.164,2.94,-0.2
1958,8,1.5,1.019,0.43,24.91,26.85,-0.755,-2.13,1.06,2.13,0.161,3.55,0.98
1958,9,-0.5,0.491,0.39,24.39,26.4,-0.012,0.08,0.29,-0.05,0.212,2.82,-0.23
1958,10,0.1,-0.19,0.44,24.48,26.45,0.77,0.68,0.01,0.34,0.152,1.76,1.65
1958,11,-0.7,1.675,0.5,24.89,26.75,-0.011,1.59,-0.18,0.08,0.185,1.18,0.43
1958,12,-1,-0.327,0.61,24.81,26.62,-1.687,-0.74,0.86,0.35,0.219,0.17,-1.7
1959,1,-1.5,-0.619,0.61,25.58,27.07,-2.013,-1.52,0.69,-1.54,0.1,0.19,-1.15
1959,2,-2.3,-2.56,0.62,26.35,27.18,2.545,0.33,-0.43,-1.23,0.114,0.38,2.46
1959,3,2.1,5.528,0.52,27.07,27.47,1.432,-0.56,-0.95,0.21,-0.027,0.98,1.82
1959,4,0.7,-1.337,0.33,27.45,27.88,0.119,0.25,-0.02,-0.9,-0.004,0.83,1.51
1959,5,0.8,1.44,0.2,26.84,27.7,-0.341,0.41,0.23,-0.3,0.007,0.16,-2.22
1959,6,-0.2,-1.197,-0.07,26.07,27.37,-0.033,0.71,0.44,1.08,-0.06,-0.07,1.51
1959,7,-0.4,-0.252,-0.18,24.95,26.44,0.105,0.77,-0.5,-0.45,-0.032,1.18,0.29
1959,8,-0.2,-0.814,-0.28,24.25,26.09,-0.745,-0.05,-0.62,1.03,0.012,-0.48,0.02
1959,9,0,2.204,-0.09,24.17,25.92,-0.281,1,-0.85,1.19,0.125,1.19,-1.81
1959,10,0.8,-0.219,-0.03,24.54,26.24,-0.249,1.48,0.52,0.23,0.112,0.21,1.51
1959,11,1.5,2.88,0.05,24.57,26.04,-1.411,0.3,1.11,0.26,0.05,0.23,-0.04
1959,12,1.5,1.26,-0.04,24.75,26.18,-0.042,0.32,0.06,0.36,0.109,-0.16,1.98
1960,1,0.2,-0.874,-0.1,25.31,26.27,-2.484,-2.01,0.3,-0.16,0.176,-0.16,-0.7
1960,2,0.2,1.976,-0.1,25.93,26.29,-2.212,-2.59,0.52,-0.22,0.216,-0.21,-1
1960,3,1.7,1.287,-0.07,26.87,26.98,-1.625,-0.93,-0.21,-0.69,0.088,-0.63,-0.87
1960,4,1.3,1.317,0.03,27.15,27.49,-0.297,1.33,0.09,-0.07,0.096,-0.79,1.93
1960,5,0.9,1.021,0.02,26.71,27.68,-0.857,0.47,0.91,0.99,0.302,1.13,0.07
1960,6,0.2,-0.536,0.03,25.86,27.24,0.055,0.1,0.64,1.2,0.318,0.2,-0.41
1960,7,0.8,0.222,0.13,25.21,26.88,-0.619,0.38,-0.27,1.11,0.27,0.91,0.18
1960,8,1.3,1.076,0.24,24.79,26.7,-1.008,-1.93,-0.38,1.85,0.335,1.45,-1.84
1960,9,1.1,2.478,0.27,24.57,26.44,-0.382,0.53,-0.94,-0.01,0.21,1.4,0.24
1960,10,0.2,-0.016,0.2,24.11,26.22,-1.187,-1.37,0.09,0.48,0.296,1.28,-3.08
1960,11,0.9,-0.192,0.12,24.16,26.26,-0.553,-0.67,-0.23,-0.52,0.25,0.84,1.4
1960,12,1.3,1.775,0.05,24.57,26.22,-0.343,-0.03,0.17,1.15,0.137,-0.01,0.46
1961,1,-0.4,-1.773,0.04,25.11,26.23,-1.506,-0.03,1.18,1.16,0.06,-0.02,1.46
1961,2,1.5,6.931,0.03,26.2,26.56,0.621,0.07,0.43,0.17,0.08,0.04,4.06
1961,3,-3,-0.312,0.04,26.82,26.94,0.341,0.17,0.09,0.28,0.148,-0.39,2.08
1961,4,1.3,2.374,0.09,27.31,27.36,-0.237,-1.83,0.34,-1.14,0.226,-0,0.71
1961,5,0.5,1.822,0.23,26.99,27.75,0.157,-0.28,-0.06,-0.25,0.193,-0.25,-0.94
1961,6,0.2,0.045,0.27,26.29,27.67,0.837,1.17,-0.61,1.84,0.032,-0.52,2.13
1961,7,0.4,0.17,0.14,24.83,26.89,-0.108,-0.36,-1.22,-0.52,-0.02,-0.91,0.63
1961,8,0.2,1.561,-0.13,24.09,26.19,0.013,1.03,-1.13,0.47,0.035,0.34,3.38
1961,9,0.1,1.284,-0.3,23.52,25.78,0.815,1.36,-2.01,1.1,0.002,-0.18,2.01
1961,10,-0.5,2.587,-0.26,23.69,25.71,0.203,1.07,-2.28,-1.94,0.028,-0.39,1
1961,11,0.9,-0.486,-0.19,24.28,26.07,-0.01,-0.79,-1.85,-0.4,0.066,-0.23,-2.15
1961,12,2.5,3.942,-0.16,24.58,25.97,-1.668,-1.46,-2.69,-1.54,0.212,-0.32,-1.72
1962,1,3.3,6.315,-0.24,25.09,25.96,1.645,0.2,-1.29,-0.74,0.148,-0.17,2.44
1962,2,-0.5,-3.386,-0.22,25.97,26.19,-0.358,0.18,-1.15,-0.54,0.151,-0.19,0.77
1962,3,0.2,-0.668,-0.2,26.47,26.8,-2.848,-2.99,-1.42,-0.71,0.164,-0.54,-3.78
1962,4,0.3,2.794,-0.26,26.47,27.13,1.169,0.93,-0.8,-1.5,0.087,-1.54,0.74
1962,5,1.8,2.789,-0.28,26.17,27.05,0.068,-0.04,-1.22,-1.11,0.022,-1.39,-0.1
1962,6,1.2,1.669,-0.2,25.67,27.08,0.287,0.47,-1.62,-0.97,-0.072,-0.26,1.41
1962,7,0.1,2.331,-0.04,25.05,26.76,-0.927,-2.43,-1.46,-0.36,-0.009,0.92,-2.1
1962,8,1,0.312,-0.07,24.64,26.33,0.152,0.05,-0.48,0.57,-0.064,2.5,2.28
1962,9,0.7,1.238,-0.11,24.11,25.94,-0.056,-0.21,-1.58,-0.83,0.003,1.44,0.02
1962,10,1.6,0.217,-0.22,24.14,25.97,-0.016,0.96,-1.55,1.33,0.065,1.47,-0.34
1962,11,0.5,3.053,-0.31,23.98,25.75,-1.112,-0.38,-0.37,0.53,0.045,1.15,-2.23
1962,12,0.3,-0.706,-0.43,24.08,25.67,-0.711,-1.31,-0.96,-0.38,0.189,-0.23,-0.66
1963,1,1.7,2.157,-0.4,24.85,25.77,-3.311,-2.98,-0.33,0.09,0.156,-0.17,-4.09
1963,2,0.9,-2.644,-0.15,25.79,26.22,-1.721,-1.53,-0.16,0.79,0.165,-0.3,-1.9
1963,3,1.9,1.516,0.15,26.91,27.18,0.724,-0.85,-0.54,-2.04,0.132,-0.09,2.79
1963,4,1.3,-0.751,0.27,27.43,27.78,-0.348,-1.61,-0.41,-0.79,0.103,0.42,-0.46
1963,5,0.6,0.777,0.31,26.97,27.63,0.771,2.05,-0.65,-0.95,-0.086,-0.01,1.91
1963,6,-0.8,0.473,0.52,26.58,27.62,-0.585,-0.13,-0.88,0.5,-0.048,0.45,-1.77
1963,7,-0.2,-1.075,0.86,26.24,27.78,-0.303,-0.74,-1,-1.1,-0.037,-0.27,-0.65
1963,8,0,1.156,1.14,25.68,27.48,-0.625,-0.95,-1.03,-1.01,-0.075,2.49,-0.96
1963,9,-1,-3.54,1.22,25.36,27.4,0.083,1.89,0.45,0.87,-0.203,2.04,0.94
1963,10,-2,-2.38,1.29,25.41,27.36,1.069,1.53,-0.52,0.93,-0.073,1.78,2.79
1963,11,-1.4,-2.134,1.37,25.66,27.47,-0.419,-1.47,-2.08,-0.31,-0.058,1.92,-0.15
1963,12,-2,-0.291,1.31,25.98,27.62,-1.178,-1.87,-1.08,1.46,-0.061,-0.09,-3.09
1964,1,-0.6,4.083,1.07,26.02,27.34,0.385,-1.62,0.01,-0.44,-0.076,-0.08,0.93
1964,2,0.1,5.869,0.62,26.31,27.13,-0.575,-2.06,-0.21,1.36,0.02,-0.14,-0.13
1964,3,1.9,3.748,0.12,26.72,27.02,-0.558,-1.66,-0.87,-1.31,0.038,0.03,-0.77
1964,4,1.8,4.372,-0.33,26.19,26.95,0.663,0.25,-1.03,-1.3,-0.147,-0.45,0.95
1964,5,0.4,2.444,-0.58,25.42,26.82,1.174,0.53,-1.91,-2.27,0.039,-1.13,2.51
1964,6,1.2,0.674,-0.58,24.99,26.59,0.142,1.61,-0.32,0.27,0.002,-0.85,-1.85
1964,7,0.9,1.286,-0.6,24.69,26.33,0.734,1.92,-0.51,0.2,-0.145,-0.46,2.44
1964,8,2.5,0.694,-0.66,23.55,25.6,-1.207,-2.4,-1.03,0.83,-0.235,-1.09,-2.46
1964,9,2.1,3.875,-0.76,23.74,25.32,-0.227,0.34,-0.68,0.92,-0.221,-1.03,0.5
1964,10,2.2,-0.211,-0.8,23.76,25.37,0.342,1.32,-0.37,0.8,-0.273,-1.43,0.63
1964,11,0.3,1.038,-0.82,23.92,25.26,-0.344,-0.14,-0.8,-0.78,-0.167,-1.37,1.33
1964,12,-0.5,-0.178,-0.78,23.73,25.23,-0.246,-0.23,-1.52,-2.03,-0.122,-0.32,-1.24
1965,1,-0.7,1.544,-0.59,24.7,25.66,-1.046,-0.65,-1.24,-0.92,-0.2,-0.17,0.01
1965,2,0.7,4.769,-0.28,25.86,26.19,-2.084,-2.2,-1.16,-1.03,-0.178,-0.3,-3.03
1965,3,1.2,0.574,-0.07,26.93,26.94,-0.905,-1.99,0.04,-0.8,-0.079,-0.64,0.23
1965,4,-0.9,-3.427,0.18,27.47,27.38,0.568,0.64,0.62,-1.07,-0.098,0.18,2.14
1965,5,0.3,3.785,0.46,27.56,27.99,-0.153,-0.52,-0.66,-0.42,-0.1,0.37,-0.08
1965,6,-0.9,-0.584,0.83,27.09,28.09,0.038,0.6,-0.8,1.89,-0.128,-1.63,0.87
1965,7,-3,-1.284,1.22,26.51,27.9,-0.51,0.35,-0.47,-1.26,-0.189,-0.62,-1.71
1965,8,-1.1,-1.344,1.54,26.13,27.97,-0.255,0.45,0.2,0.32,-0.212,-1.12,1.59
1965,9,-2.2,-0.285,1.85,25.98,28.01,-0.698,0.51,0.59,0.36,-0.223,-0.57,-1.01
1965,10,-1.5,-0.636,1.98,26.09,28.17,0.394,0.92,-0.36,1.42,-0.249,0.68,-1.26
1965,11,-2.4,-7.802,1.97,26.38,28.12,-1.341,-1.88,-0.59,-0.81,-0.278,0.68,-1.78
1965,12,0.3,-1.142,1.72,26.45,27.96,0.163,1.18,0.06,-1.56,-0.125,0.32,1.24
1966,1,-2.2,-0.281,1.37,26.69,27.67,-3.232,-2.54,-0.82,-0.15,-0.077,0.16,-1.01
1966,2,-0.4,0.768,1.17,26.9,27.55,-1.438,-2.02,-0.03,-2.05,0.009,0.06,-0.38
1966,3,-1.5,0.258,0.98,27.18,28.21,-0.911,0.18,-1.29,0.43,-0.011,0.31,1.05
1966,4,-0.3,-0.985,0.66,27.3,28.16,-1.837,-0.96,0.06,-0.54,0.042,0.3,1.18
1966,5,-0.7,-1.6,0.35,26.2,27.55,1.124,0.25,-0.53,-0.15,-0,-0.86,1.51
1966,6,0.5,-0.606,0.24,25.89,27.64,0.408,1.37,0.16,0.1,-0.047,-1.19,0.82
1966,7,0.1,-0.095,0.24,25.26,27.33,0.011,0.35,0.26,-1.18,-0.057,-0.22,-1.99
1966,8,1.1,0.336,0.12,24.35,26.48,-0.945,-2.39,-0.35,1.26,-0.045,0.44,-2.03
1966,9,-0.4,-0.847,-0.05,24,26.27,0.011,-0.29,-0.33,0.63,-0.002,0.76,-0.47
1966,10,-0.2,1.222,-0.1,24.24,26.22,-1.077,-0.23,-1.17,-0.61,0.012,0.45,-2.89
1966,11,0,-3.075,-0.18,24.11,26.23,0.111,-0.18,-1.15,-1.96,0.001,1.14,-0.07
1966,12,-0.6,-0.58,-0.3,24.13,26.03,-1.401,0.58,-0.32,-0.21,0.078,-0.32,1.68
1967,1,2.8,2.648,-0.41,24.93,25.88,-0.576,-1.55,-0.2,-1.16,0.08,-0.17,0.04
1967,2,2.8,5.8,-0.48,25.91,26.11,1.18,-0.23,-0.18,-0.2,0.086,-0.27,1.7
1967,3,2,-0.51,-0.53,26.3,26.5,1.967,1.18,-1.2,-2.25,-0.036,-0.78,3
1967,4,-0.1,-1.076,-0.45,26.35,26.74,1.7,0.05,-0.89,-1.91,-0.017,-1.11,-0.76
1967,5,0,2.152,-0.24,26.59,27.35,0.127,-0.87,-1.24,-0.8,-0.189,-1.47,-0.46
1967,6,1.1,-0.708,-0,26.24,27.47,0.647,1.72,-1.16,-0.33,-0.263,-1.93,1.96
1967,7,0.3,1.402,0.05,25.11,26.97,0.259,0.44,-0.89,-1.24,-0.232,-1.98,1.44
1967,8,1.2,-0.237,-0.16,24.13,26.44,-0.293,1.73,-1.24,-0.35,-0.167,-2.72,-0.41
1967,9,0.8,-2.309,-0.3,23.51,25.86,0.133,1.05,-0.72,0.11,-0.099,-1.34,0.32
1967,10,0.1,0.855,-0.38,23.62,25.97,1.299,0.59,-0.64,1.1,-0.102,-0.33,1.34
1967,11,-0.7,-3.208,-0.34,23.89,26.08,0.334,0.5,-0.05,-0.35,-0.236,-0.23,-0.91
1967,12,-0.9,1.122,-0.44,23.99,25.95,-0.347,-0.51,-0.4,-1.12,-0.155,-0.29,-0.53
1968,1,0.9,1.88,-0.64,24.26,25.69,-0.409,-0.36,-0.95,-1.78,-0.248,-0.17,1.65
1968,2,2.1,-4.044,-0.74,24.83,25.68,-2.154,-1.91,-0.4,1.11,-0.2,-0.3,-1.53
1968,3,0.2,-0.36,-0.62,25.76,26.33,1.741,0.02,-0.31,0.13,-0.211,-0.96,0.34
1968,4,0,3.323,-0.44,26.49,27.1,0.328,-1.32,-1.03,-1.11,-0.158,-2.59,-0.71
1968,5,2.1,0.847,-0.04,26.04,27.19,-0.241,-1.58,-0.53,0.23,-0.126,-2.47,-1.5
1968,6,1.8,1.135,0.28,26.19,27.88,0.42,0.64,-0.35,-0.08,-0.264,-2.24,0.95
1968,7,1.1,1.551,0.58,25.88,27.58,-0.836,-0.77,0.53,-0.04,-0.231,-0.93,-1.96
1968,8,0.4,0.229,0.53,25.15,27.01,-0.671,-0.97,0.19,1.3,-0.216,-0.01,-1.45
1968,9,-0.4,0.184,0.45,24.82,26.72,-1.009,-1.73,0.06,-0.87,-0.152,1.24,0.5
1968,10,-0.1,-0.473,0.55,24.96,26.75,-1.013,-1.99,-0.34,0.45,-0.115,0.64,0.03
1968,11,-0.6,-0.465,0.73,25.15,27.2,-2.183,-1.11,-0.44,0.83,-0.11,0.77,-2
1968,12,0.3,-2.024,0.98,25.62,27.27,-0.783,-1.39,-1.27,-1.74,-0.129,-0.14,-1.73
1969,1,-2.4,-5.651,1.13,26.11,27.5,-2.967,-1.48,-1.26,-2.96,-0.065,-0.09,-1.64
1969,2,-0.9,-5.94,1.09,26.72,27.86,-3.114,-2.2,-0.95,-1.97,0.102,-0.01,-3.16
1969,3,0.7,1.666,0.95,27.42,27.82,-1.582,-2.04,-0.5,0.47,0.205,2.04,-1.81
1969,4,-0.6,-1.301,0.77,27.76,28.13,0.438,1.52,-0.44,0.48,0.147,2.09,1.11
1969,5,-0.4,-2.049,0.61,27.71,28.29,-0.72,0.56,-0.2,1.02,0.008,4.28,-0.23
1969,6,0.3,-2.288,0.43,26.85,27.69,-0.348,0.86,0.89,2.11,0.026,4.3,-1.17
1969,7,-0.8,0.632,0.36,25.71,27.08,0.41,0.6,0.1,0.51,0.091,4.67,3.7
1969,8,-0.2,-0.835,0.51,25.36,27.02,-0.782,-1.99,-0.81,-0.69,-0.103,1.95,-1.62
1969,9,-1.6,-0.444,0.79,25.36,27.15,-0.083,2.17,-0.66,1.31,-0.109,2.49,0.38
1969,10,-1.5,-1.483,0.86,25.52,27.34,0.098,1.23,1.12,0.55,-0.188,1.3,0.7
1969,11,-0.1,-1.27,0.81,25.62,27.1,0.326,-1.14,0.15,0.13,-0.126,2.01,-1.28
1969,12,0.7,-2.027,0.63,25.87,26.98,-1.856,-0.35,1.38,1.53,-0.034,-0.19,-0.26
1970,1,-1.9,-4.9,0.51,26.08,26.83,-2.412,-2.26,0.61,0.12,-0.013,-0.17,-1.16
1970,2,-1.7,-3.812,0.34,26.41,26.95,-1.325,0.28,0.43,1.01,-0.051,-0.29,1.1
1970,3,1,1.829,0.29,26.83,27.14,-2.084,-1.41,1.33,0.49,0.017,-0.73,-1.78
1970,4,-0.1,4.095,0.19,27.04,27.74,0.302,-1.56,0.43,-0.66,0.017,-0.42,2.52
1970,5,0.6,2.671,0.04,26.27,27.63,0.531,1.11,-0.49,-0.5,-0.049,-1.11,1.87
1970,6,1.6,-0.026,-0.3,25.16,27.04,0.875,1.87,0.06,0.23,-0.185,-1.08,-0.11
1970,7,-0.6,-0.264,-0.63,23.87,26.21,0.139,0.13,-0.68,0.74,-0.202,-1.25,0.27
1970,8,1,0.458,-0.76,23.38,25.6,-0.263,0,-1.63,-0.6,-0.143,-0.55,-0.2
1970,9,1.9,2.21,-0.77,23.63,25.65,0.03,0.06,-1.67,-0.39,-0.14,-0.24,0.47
1970,10,1.7,-0.142,-0.74,23.71,25.6,0.098,-0.49,-1.39,-0.95,-0.199,-0.13,-0
1970,11,2.6,-3.005,-0.86,23.62,25.57,0.378,-0.76,-0.8,-1.15,-0.243,-0.22,0.76
1970,12,3.2,1.076,-1.15,23.91,25.27,-0.399,-1.2,-0.97,-1.09,-0.212,-0.32,-1.58
1971,1,0.6,5.065,-1.36,24.08,24.81,-0.163,-1.82,-1.9,-2.43,-0.248,-0.17,-0.43
1971,2,3.3,7.349,-1.38,24.84,25.18,-0.922,-0.17,-1.74,-0.16,-0.294,-0.3,1.21
1971,3,3.8,3.831,-1.12,25.9,25.92,-1.091,-1.28,-1.68,-0.28,-0.312,-0.96,-1.76
1971,4,2.8,2.526,-0.85,26.54,26.63,-0.583,-0.41,-1.59,0.23,-0.415,-2.57,-3.15
1971,5,1.4,2.057,-0.73,26.13,26.95,0.679,0.51,-1.55,1.09,-0.329,-2.32,-0.62
1971,6,0.7,0.491,-0.74,25.38,26.6,-0.668,-1.28,-1.55,0.51,-0.365,-1.95,-1.32
1971,7,0.4,1.12,-0.8,24.68,26.13,-0.578,0.27,-2.2,-1.74,-0.352,-1.54,-1.04
1971,8,2.5,-0.427,-0.77,23.79,25.75,0.818,1.87,-0.15,-0.81,-0.437,-2.97,0.07
1971,9,2.3,0.79,-0.82,23.86,25.72,0.153,0.53,0.21,0.15,-0.368,-3.97,-0.54
1971,10,2.8,3.652,-0.85,23.65,25.47,1.185,1.14,-0.22,-1.35,-0.237,-3.38,1.63
1971,11,0.9,3.086,-0.96,23.79,25.56,0.419,-0.34,-1.25,-0.26,-0.245,-1.9,-1.46
1971,12,0.4,2.492,-0.9,23.75,25.37,0.824,0.47,-1.87,-1.76,-0.31,-0.32,0.76
1972,1,0.8,4.455,-0.71,24.93,25.62,0.167,-0.19,-1.99,-2.46,-0.32,-0.13,-0.52
1972,2,1.8,1.071,-0.35,25.88,26.3,-0.195,-0.08,-1.83,-2.27,-0.382,-0.3,-0.2
1972,3,1.1,1.899,0.06,26.91,27.09,-0.141,0.35,-2.09,-0.1,-0.441,-0.57,0.26
1972,4,-0.2,-0.093,0.41,27.58,27.89,1.007,-0.38,-1.65,-1.95,-0.328,0.33,0.22
1972,5,-2.6,-1.278,0.67,27.46,28.32,0.14,0.93,-1.57,0.21,-0.471,0.17,1.24
1972,6,-0.9,-1.259,0.92,27.23,28.18,-0.049,1.19,-1.87,-0.15,-0.49,-1.4,1.07
1972,7,-2.4,-1.687,1.13,27.01,28.14,-0.553,0.21,-0.83,-1.13,-0.377,-0.64,0.41
1972,8,-0.8,-1.633,1.37,26.74,27.95,-0.082,1.57,0.25,-0.04,-0.385,-1.47,0.11
1972,9,-2.2,-0.636,1.58,26.33,27.95,-0.92,0.03,0.17,0.13,-0.305,-1.21,-4.11
1972,10,-1.5,-2.359,1.84,26.72,28.26,0.392,1.7,0.11,-1.49,-0.288,1.55,-1.74
1972,11,-0.6,-1.25,2.09,27.09,28.61,-0.38,0.43,0.57,0.53,-0.279,0.87,0.64
1972,12,-2.1,-0.2,2.12,27.47,28.69,1.238,0.09,-0.33,-0.86,-0.353,0.63,2.11
1973,1,-0.5,-2.303,1.84,27.44,28.34,1.232,-0.46,-0.46,-0.88,-0.376,0.14,1.37
1973,2,-2.3,-8.273,1.25,27.2,27.95,0.786,0.52,-0.61,-0.14,-0.395,0.05,1.22
1973,3,1.2,2.683,0.54,27.29,27.55,0.537,-0.09,-0.5,0.53,-0.346,1.03,1.04
1973,4,0.1,3.538,-0.1,26.75,27.24,-1.126,-0.73,-0.69,0.11,-0.266,0.2,-2.61
1973,5,0.7,0.334,-0.54,25.93,26.96,0.073,-0.36,-0.76,0.67,-0.171,-0.25,0.37
1973,6,1.8,1.967,-0.87,25.21,26.55,0.531,0.7,-0.97,1.01,-0.177,-1.07,0.83
1973,7,1,0.96,-1.11,24.15,25.76,0.27,0.6,-0.57,-0.26,-0.105,-0.57,-1.85
1973,8,2.1,2.282,-1.28,23.5,25.22,0.313,-0.2,-1.14,-0.95,-0.135,-1.11,2.32
1973,9,2,0.876,-1.45,23.38,25.06,0.114,-0.15,-0.51,-0.27,-0.133,-0.72,-0.79
1973,10,1.3,1.553,-1.71,23.29,24.73,0.337,-0.84,-0.87,-0.74,-0.217,-1.92,-1.03
1973,11,4.3,0.726,-1.95,23.28,24.33,0.002,-1.11,-1.81,-1.66,-0.211,-1.47,-0.26
1973,12,3,0.595,-2.03,23.37,24.33,-0.181,0.21,-0.76,0.23,-0.24,-0.29,-1.65
1974,1,4,0.56,-1.84,23.86,24.46,0.232,1.05,-1.22,-1.54,-0.277,-0.17,3.75
1974,2,3.4,5.932,-1.55,25.07,25.1,-0.489,-0.6,-1.65,-1.5,-0.285,-0.3,0.68
1974,3,4,-1.769,-1.23,26.24,25.84,-0.746,-0.43,-0.9,-1.1,-0.403,-0.83,-0.81
1974,4,1.6,3.414,-1.03,26.77,26.46,0.309,0.41,-0.52,-0.73,-0.525,-0.78,-2.3
1974,5,1.6,2.223,-0.91,26.36,26.64,-0.507,-0.17,-0.28,-0.4,-0.501,-1.52,-0.01
1974,6,0.7,0.209,-0.77,25.78,26.53,-0.048,0.17,-0.31,-1.36,-0.449,-1.7,-0.14
1974,7,1.9,0.3,-0.53,25.22,26.39,0.39,-0.73,-0.08,-0.09,-0.516,-2.79,2.07
1974,8,1.3,0.759,-0.37,24.72,26.33,-0.533,-0.95,0.27,0.9,-0.469,-3.16,0.89
1974,9,1.8,-0.324,-0.41,24.27,26.08,-0.136,0.95,0.44,0.35,-0.507,-4.35,0.11
1974,10,1.5,2.549,-0.61,23.95,25.78,-1.024,1.04,-0.1,0.93,-0.509,-3.61,-1.44
1974,11,-0.2,1.337,-0.75,24,25.61,-0.435,-0.7,0.43,0.53,-0.427,-1.85,1.27
1974,12,0.3,4.283,-0.64,24.19,25.63,0.556,1.3,-0.12,0.38,-0.362,-0.17,3.06
1975,1,-0.8,4.746,-0.54,25.12,26.09,1.595,0.17,-0.84,-1.2,-0.274,-0.17,2.43
1975,2,1.3,-0.692,-0.57,25.56,26.07,0.194,-1.15,-0.71,-0.51,-0.34,-0.3,0.4
1975,3,2.6,-0.405,-0.65,26.34,26.19,0.151,-1.04,-0.51,-0.81,-0.311,-0.34,-1.26
1975,4,1.9,3.509,-0.73,27.01,26.86,0.409,-1.89,-1.3,-0.67,-0.347,-0.22,-0.84
1975,5,1.1,0.864,-0.83,26.16,26.8,-0.614,-0.43,-1.02,0.6,-0.39,-1.21,-2.42
1975,6,2.1,1.392,-0.98,25.22,26.23,-0.323,-0.54,-1.16,-0.31,-0.297,-1.21,0.18
1975,7,3.1,0.624,-1.13,24.61,25.9,0.345,1.57,-0.4,-1.53,-0.273,-2.55,0.63
1975,8,3.3,3.053,-1.2,24.04,25.33,0.13,-0.46,-1.07,-1.1,-0.186,-3.6,0.08
1975,9,3.4,2.615,-1.37,23.5,25.05,1.278,1.67,-1.23,-0.23,-0.337,-3.54,1.75
1975,10,2.8,2.151,-1.43,23.37,24.89,0.138,-0.08,-1.29,-0.65,-0.355,-3.14,0.39
1975,11,1.9,3.264,-1.55,23.67,25.05,0.619,0.3,-2.08,-0.63,-0.342,-2.11,0.86
1975,12,3.5,4.765,-1.65,23.41,24.67,1.29,-0.09,-1.61,-0.16,-0.323,-0.32,-1.57
1976,1,2.3,5.938,-1.56,23.76,24.54,0.034,-0.8,-1.14,-0.25,-0.386,-0.17,0.75
1976,2,2.8,2.33,-1.17,25.3,25.49,1.656,0.61,-1.85,-2.38,-0.443,-0.3,1.29
1976,3,2.9,4.956,-0.73,26.53,26.46,0.587,0.38,-0.96,-1.78,-0.495,-0.87,1.87
1976,4,0.5,-1.774,-0.47,26.92,26.88,0.44,0.14,-0.89,0.92,-0.428,-1.11,-1.53
1976,5,0.6,0.244,-0.28,26.91,27.2,0.06,0.94,-0.68,0.58,-0.489,-1.04,1.2
1976,6,0.4,-0.622,-0.05,26.94,27.35,0.328,1.11,-0.67,-1.32,-0.485,-1.76,1.76
1976,7,-1.4,-1.251,0.18,26.24,27.13,-0.325,-0.29,0.61,-0.12,-0.308,-2.34,-0.57
1976,8,-1.3,-0.653,0.35,25.87,26.98,0.559,2.34,1.28,-0.62,-0.186,-2.23,0.62
1976,9,-1.9,-1.777,0.62,25.72,27.02,-0.743,-1.11,0.82,-0.04,-0.194,-3.42,-3.46
1976,10,0.7,0.778,0.81,25.89,27.46,-0.804,0.42,1.11,0.91,-0.294,0.21,-0.64
1976,11,1.2,0.032,0.86,25.88,27.41,-0.087,0.04,1.25,1.72,-0.417,0.03,1.5
1976,12,-0.6,0.625,0.85,25.89,27.09,-2.074,-1.57,1.22,0.21,-0.433,-0.25,-3.63
1977,1,-0.7,0.306,0.71,26.54,27.32,-3.767,-1.72,1.65,1.6,-0.39,-0.14,-2.36
1977,2,2,4.662,0.64,26.96,27.13,-2.01,-1,1.11,2.43,-0.334,-0.16,0.28
1977,3,-0.9,4.331,0.34,27.42,27.47,0.344,-1.25,0.72,-0.69,-0.184,-0.58,1.33
1977,4,-0.7,0.704,0.23,26.94,27.44,1.329,0.56,0.3,-0.32,-0.218,-1.16,1.07
1977,5,-0.8,-1.105,0.21,26.87,27.72,0.104,-0.75,0.31,-0.56,-0.171,-0.94,-1.62
1977,6,-1.5,0.206,0.34,26.43,27.74,-0.226,-0.27,0.42,0.57,-0.108,-1.62,-0.89
1977,7,-1.9,1.129,0.35,25.57,27.38,-0.492,-0.42,0.19,-1.04,-0.107,-0.62,-1.14
1977,8,-1.3,-2.197,0.42,24.73,26.85,-1.412,-0.49,0.64,2.2,-0.146,-1.98,-1.42
1977,9,-1.3,-1.923,0.57,24.87,27.12,0.586,0.51,-0.55,-0.72,-0.233,-1.33,1.64
1977,10,-1.7,-0.706,0.73,25.25,27.35,-0.009,1.08,-0.61,1.25,-0.225,-0.66,0.45
1977,11,-2.1,0.418,0.81,25.3,27.19,0.605,-0.21,-0.72,-0.22,-0.144,-0.5,0.37
1977,12,-1.7,-6.57,0.79,25.48,27.29,-0.24,-1.02,-0.69,-0.8,-0.206,0.01,-0.25
1978,1,-0.5,-7.837,0.69,25.79,27.17,-0.347,0.26,0.34,0.13,-0.107,-0.16,0.46
1978,2,-4.4,-6.265,0.42,26.41,27,-3.014,-2.94,1.45,1.4,-0.148,-0.22,-1.99
1978,3,-0.3,-5.78,0.06,26.75,27.09,0.502,0.33,1.34,-0.18,-0.159,-0.63,3.1
1978,4,-0.5,-2.177,-0.18,26.64,27.12,-0.967,-1.42,1.29,-0.19,-0.196,-0.76,-3.12
1978,5,2.2,3.151,-0.31,26.1,27.2,0.059,1.05,0.9,-0.73,-0.205,-1.03,0.37
1978,6,1.1,2.891,-0.29,25.65,27.02,0.635,1.7,0.15,-0.92,-0.334,-0.56,0.14
1978,7,0.9,2.047,-0.36,24.95,26.74,-0.604,-1.11,-1.24,-2.43,-0.277,-1.31,-0.33
1978,8,0.7,1.419,-0.42,24.1,26.07,-0.354,0.7,-0.56,0.02,-0.228,-2.03,0.05
1978,9,0.1,1.318,-0.42,24.18,26.01,-0.099,0.6,-0.44,1.38,-0.191,-2.55,1.96
1978,10,-0.6,0.83,-0.29,24.57,26.25,0.895,2.61,0.1,0.69,-0.208,-1.54,0.02
1978,11,0,0.989,-0.08,24.79,26.33,2.47,3.06,-0.07,-0.48,-0.12,-1.31,3.91
1978,12,-0.1,1.565,0,25.24,26.54,-0.98,-1.54,-0.43,-1.02,-0.183,-0.1,-2.08
1979,1,-0.7,-3.011,0.03,25.34,26.41,-2.233,-2.12,-0.58,-1.54,-0.193,-0.17,-3.22
1979,2,1.6,0.203,0.07,26.12,26.53,-0.697,-1.2,-1.33,-2.73,-0.152,-0.23,-0.62
1979,3,0.2,-2.035,0.2,27.15,27.27,-0.814,0.41,0.3,0.08,-0.229,-0.73,0.54
1979,4,-0.2,-0.973,0.28,27.65,27.83,-1.157,-2.01,0.89,-0.15,-0.237,-0.02,-0.79
1979,5,0.8,-0.271,0.23,27.2,27.69,-0.25,-0.9,1.09,1.27,-0.118,-0.52,1
1979,6,1.1,2.218,0.05,26.47,27.43,0.933,1.92,0.17,-1.64,-0.042,-0.81,0.45
1979,7,2.2,-2.333,0.04,25.49,26.82,0.039,0.86,0.84,0.51,-0.095,-0.56,2.53
1979,8,-0.3,-1.179,0.17,25.25,26.75,-0.684,1.11,0.52,0.67,-0.115,-0.92,-0.85
1979,9,0.2,-1.069,0.33,25.48,26.99,-0.046,1.13,1,1.02,-0.11,-1.81,1.12
1979,10,-0.2,-3.067,0.45,25.42,26.83,-1.243,0.18,1.06,1.85,-0.088,0.41,-1.95
1979,11,-0.7,-1.94,0.52,25.5,26.99,0.475,0.42,0.48,0.51,-0.085,-0.37,1.95
1979,12,-1.2,-3.921,0.64,25.66,27.11,1.295,0.84,-0.42,-0.68,-0.06,-0.21,2.07
1980,1,0.7,-5.111,0.59,26.04,27.08,-2.066,-1.38,-0.11,-1.01,-0.002,-0.13,-1.8
1980,2,0.5,-8.808,0.46,26.44,26.97,-0.934,-0.39,1.32,2.03,-0.078,-0.18,0.7
1980,3,-0.7,1.919,0.34,27.03,27.31,-1.433,-0.73,1.09,-0.64,-0.139,-0.59,-0.68
1980,4,-1,-0.811,0.38,27.38,27.75,-0.419,1.26,1.49,1.66,-0,-0.13,0.03
1980,5,0,0.384,0.48,27.1,28.01,-1.155,-1.34,1.2,-0.16,0.129,0.95,-2.26
1980,6,0,1.308,0.46,26.7,27.94,0.721,-0.07,-0.22,-0.81,0.109,1.21,-0.21
1980,7,-0.1,-0.727,0.25,25.57,27.23,-0.622,-0.39,0.23,-0.81,0.05,-0.01,-0.91
1980,8,0.6,-0.748,0.03,24.78,26.48,-0.185,-3.01,0.51,-2.03,0.023,0.34,0.3
1980,9,-0.8,-1.227,-0.07,24.72,26.44,0.313,0.79,0.1,-0.08,-0.008,1.26,1.72
1980,10,0,0.112,0.02,24.56,26.46,-0.521,-1.41,1.35,2.87,-0.061,0.22,-0.87
1980,11,-0.6,2.172,0.11,25,26.6,-1.361,-0.52,0.37,1.28,-0.197,0.2,-2.06
1980,12,-0.1,-1.494,-0.01,25.23,26.65,-0.057,0.63,-0.1,-0.57,-0.249,-0.16,1.55
1981,1,0.6,-5.093,-0.26,24.95,26.18,-0.116,-0.08,0.59,2.46,-0.177,-0.17,1
1981,2,-0.3,-0.531,-0.5,25.52,26.11,-0.332,0.6,1.46,0.21,-0.176,-0.3,1.04
1981,3,-2.1,-2.467,-0.47,26.61,26.64,-1.645,-1.65,0.99,1.27,0.006,-0.76,0.01
1981,4,-0.2,1.342,-0.37,27.06,27.29,0.43,0.25,1.45,-1.23,-0.09,-1.21,-3.04
1981,5,1.3,0.728,-0.26,26.71,27.36,0.18,0.24,1.75,1.83,-0.079,-0.77,0.05
1981,6,2,0.874,-0.29,26.19,27.27,-0.438,-0.15,1.69,-0.1,-0.057,-0.8,-1.57
1981,7,1.4,1.091,-0.3,25.21,26.65,0.561,0.08,0.84,-1.02,-0.089,-0.76,1.74
1981,8,1.2,-0.833,-0.25,24.38,26.33,-0.244,0.38,0.18,-1.54,-0.11,-0.47,1.01
1981,9,0.5,1.382,-0.16,24.67,26.53,-1.04,-1.27,0.42,0.08,-0.031,0.83,0.27
1981,10,-0.6,-0.931,-0.13,24.8,26.42,-1.167,-0.96,0.18,-1.43,-0.182,-0.6,-1.06
1981,11,0.3,-2.93,-0.15,24.7,26.29,-0.188,-0.53,0.8,1.19,-0.132,0.13,1.66
1981,12,0.8,-1.241,-0.08,25.17,26.4,-1.216,-0.11,0.67,-0.42,-0.001,-0.14,-2.2
1982,1,2,1.537,-0.05,25.86,26.67,-0.883,-1.55,0.34,-1.75,-0.076,-0.17,-0.72
1982,2,0.4,-0.756,0.07,26.4,26.59,0.974,0.86,0.2,-1.2,-0.074,-0.14,2.25
1982,3,1,-4.487,0.19,27.11,27.41,1.074,0.8,0.19,-1.66,-0.075,-0.37,1.66
1982,4,0.1,-2.286,0.47,27.57,28.03,1.454,-0.04,-0.19,-2.08,-0.178,0.67,-0.99
1982,5,-0.6,-0.294,0.66,27.64,28.39,-0.209,-0.44,-0.58,-0.53,-0.187,0.46,1.1
1982,6,-1.7,-3.193,0.72,27.16,28.26,-1.18,-1.34,-0.78,2.17,-0.179,-0.14,-1.86
1982,7,-2.5,-0.65,0.79,26.22,27.66,0.005,1.18,0.58,0.49,-0.224,-0.46,-0.65
1982,8,-2.9,-0.735,1.07,26.06,27.58,0.362,0.21,0.39,0.31,-0.304,-1.99,1.45
1982,9,-2.9,-1.199,1.58,26.79,28.21,0.558,1.86,0.84,0.83,-0.303,-2.16,1.08
1982,10,-2.8,-2.823,1.97,27.28,28.71,-0.211,-0.29,0.37,-0.86,-0.366,-2.27,0.32
1982,11,-4.3,-5.642,2.18,27.5,28.62,0.661,1.55,-0.25,-0.47,-0.412,-1.31,1.71
1982,12,-3.7,-3.853,2.23,28.08,28.8,0.967,1.56,0.26,0.45,-0.375,0.45,2.64
1983,1,-5.8,-8.411,2.18,28.66,28.89,1.359,1.34,0.56,0.87,-0.293,1.6,4.82
1983,2,-6,NaN,1.92,28.71,28.69,-1.806,-1.04,1.14,1.44,-0.099,3.17,-1.25
1983,3,-4,NaN,1.54,28.89,28.66,-0.567,0.59,2.11,2.03,0.086,4.47,1.79
1983,4,-1.5,-5.171,1.29,29.13,28.77,-0.738,-1.07,1.87,0.98,0.064,3.73,-1.01
1983,5,1,-0.328,1.06,28.98,28.84,-0.441,-0.01,1.8,-0.08,-0.043,4.13,-0.57
1983,6,0.1,0.351,0.72,28.14,28.27,0.313,1.31,2.36,2.1,-0.049,4.82,0.54
1983,7,-1,0.501,0.31,26.61,27.18,0.131,1.22,3.51,0.82,-0.01,3.33,-0.75
1983,8,0.2,-0.987,-0.08,25.77,26.59,1.098,1.95,1.85,0.5,-0.153,1.88,0.56
1983,9,1.4,-0.596,-0.46,25.03,26.2,0.167,-0.95,0.91,-1.37,-0.211,0.16,-0.65
1983,10,0.7,-0.867,-0.81,24.37,25.56,1.369,1.22,0.96,0.26,-0.19,0.05,2.06
1983,11,-0.2,-3.758,-1,24.07,25.41,-0.688,-1.16,1.02,1.75,-0.153,-0.08,-2.28
1983,12,0,-4.06,-0.91,24.39,25.57,0.186,0.18,1.69,-0.61,0.002,0.27,0.83
1984,1,0.3,4.257,-0.6,25.08,25.88,0.905,1.42,1.5,0.6,-0.101,-0.17,2.53
1984,2,1.4,2.995,-0.42,26.26,26.56,-0.303,0.37,1.21,0.73,-0.083,-0.3,1.73
1984,3,-0.4,1.301,-0.34,26.97,26.77,-2.386,-0.79,1.77,1.08,-0.12,-0.52,-2.12
1984,4,0.6,1.688,-0.43,27.09,27.14,-0.284,-0.45,1.52,1.41,-0.152,-0.04,0.33
1984,5,0.3,1.318,-0.51,26.32,27.2,0.479,0.55,1.3,0.37,-0.161,-0.8,-2.34
1984,6,-0.6,1.482,-0.45,25.45,26.83,0.007,-0.12,0.18,-0.36,-0.32,-2.62,0.33
1984,7,0.3,-1.165,-0.3,25.03,26.79,0.019,-0.04,-0.18,-2.61,-0.261,-3.09,0.93
1984,8,0.7,1.063,-0.16,24.71,26.61,0.466,1.35,-0.03,-1.14,-0.221,-4.25,1
1984,9,0.2,0.632,-0.24,24.56,26.38,-0.413,0.31,0.67,-0.02,-0.204,-6.13,-1.31
1984,10,-0.5,1.62,-0.56,24.31,26.04,-0.27,0.43,0.58,-0.53,-0.339,-5.28,1.66
1984,11,0.4,-2.479,-0.92,24.11,25.52,-0.966,-0.2,0.71,0.39,-0.419,-2.02,-1.16
1984,12,-0.2,-0.324,-1.14,23.96,25.25,0.446,-0.09,0.82,-1.9,-0.313,-0.32,1.52
1985,1,-0.5,0.568,-1.04,24.4,25.38,-2.806,-2.38,1.27,1.44,-0.349,-0.17,-2.87
1985,2,2,6.115,-0.85,25.5,26.03,-1.44,-1,0.94,-0.99,-0.324,-0.3,-0.24
1985,3,1.3,4.007,-0.77,26.42,26.5,0.551,-0.19,0.57,-1.19,-0.351,-0.91,0.07
1985,4,1.9,1.571,-0.78,26.53,26.64,0.652,0.2,0.19,-1.27,-0.396,-2.4,0.34
1985,5,0.7,0.973,-0.78,26.19,26.9,-0.432,-0.4,0,-0.82,-0.332,-1.9,-2.13
1985,6,-0.6,-1.071,-0.63,25.6,26.81,-0.347,-0.5,0.18,1.28,-0.123,-1.59,-1.08
1985,7,-0.2,-1.102,-0.49,24.71,26.56,-0.39,1.25,1.07,-0.19,-0.148,-2.28,1.09
1985,8,1.6,0.499,-0.46,24.24,26.3,-0.001,-0.74,0.81,-0.53,-0.276,-2.76,2.33
1985,9,0,0.844,-0.4,24.04,26.02,0.114,-0.36,0.44,-0.63,-0.243,-3.15,0
1985,10,-0.6,0.881,-0.35,24.18,26.23,1.035,1.49,0.29,-1.5,-0.24,-2.93,0.14
1985,11,-0.3,-0.695,-0.27,24.4,26.33,-1.218,-0.84,-0.75,-1.83,-0.29,-1.74,-2.85
1985,12,0.4,-0.512,-0.36,24.5,26.19,-1.948,0.11,0.38,1.08,-0.332,-0.25,-0.43
1986,1,1.6,-3.013,-0.49,24.86,25.89,-0.568,0.78,1.12,0.6,-0.338,-0.17,1.46
1986,2,-1.7,-5.391,-0.47,25.88,26.05,-2.904,-1.58,1.61,0.41,-0.27,-0.3,-4.02
1986,3,0.8,-2.448,-0.31,26.83,26.87,1.931,1.39,2.18,0.51,-0.288,-0.77,2.86
1986,4,0.5,2.399,-0.2,27.2,27.49,0.103,-0.79,1.55,-0.15,-0.32,-1.79,-0.93
1986,5,-0.4,-1.489,-0.12,26.65,27.4,0.367,0.84,1.16,-0.03,-0.224,-0.98,2.16
1986,6,1.6,-0.069,-0.04,26.17,27.42,0.535,1.54,0.89,0.39,-0.256,-1.99,-1.29
1986,7,0.5,2.059,0.22,25.67,27.18,-0.008,0.15,1.38,-0.35,-0.244,-1.3,0.88
1986,8,-0.6,0.026,0.44,25.29,27.17,-0.826,-1.53,0.22,-1.49,-0.268,-2.28,-2.21
1986,9,-0.8,0.22,0.71,25.2,27.24,-0.023,-0.95,0.22,-0.28,-0.215,-1.09,-1.34
1986,10,1.1,-1.132,0.94,25.51,27.53,1.425,2.2,1,1.18,-0.314,-1.99,2.27
1986,11,-2,2.168,1.14,25.88,27.71,0.926,2.27,1.77,-0.71,-0.393,-1.44,3.41
1986,12,-2.4,-3.139,1.22,26.15,27.72,0.06,0.83,1.77,1.06,-0.367,0.02,3.42
1987,1,-1.1,0.291,1.23,26.68,27.68,-1.148,-1.85,1.88,0.63,-0.273,-0.03,-2.12
1987,2,-2.1,-1.989,1.19,27.55,27.88,-1.473,-1.27,1.75,0.57,-0.213,0.18,-0.24
1987,3,-2.1,-5.518,1.06,28.2,28.27,-1.746,-0.26,2.1,0.85,-0.028,1.76,0.29
1987,4,-2.3,-2.083,0.95,28.35,28.39,0.387,2.03,2.16,1.54,0.034,2.44,2.59
1987,5,-2.1,-1.593,0.97,28.14,28.56,0.325,0.96,1.85,-1.02,0.073,2.7,-0.81
1987,6,-1.8,-1.093,1.22,27.48,28.65,-0.71,-1.53,0.73,0.56,0.207,3.12,-0.58
1987,7,-2.2,-3.163,1.51,26.92,28.59,-0.466,0.55,2.01,-0.43,0.284,3.98,-1.25
1987,8,-1.5,-2.171,1.7,26.57,28.42,-0.836,-1.19,2.83,0.74,0.284,5.14,-2.99
1987,9,-1.7,0.138,1.65,26.56,28.36,0.287,-1.04,2.44,-2.6,0.198,5.41,1.27
1987,10,-0.6,-3.031,1.48,26.14,27.96,-0.08,0.66,1.36,0.75,0.051,4.18,-0.8
1987,11,0,0.566,1.25,26.09,27.77,-0.536,0.06,1.47,1.19,-0.065,3.48,-0.67
1987,12,-0.8,-0.861,1.11,26.23,27.54,-0.534,0.21,1.27,0.5,0.047,0.7,-0.81
1988,1,-0.2,0.3,0.81,26.34,27.45,0.265,0.68,0.93,0.03,-0.038,0.31,0.53
1988,2,-0.6,2.772,0.54,26.4,27.03,-1.066,0.42,1.24,1.37,-0.112,-0.01,-0.11
1988,3,1.1,7.241,0.14,27.06,27.38,-0.197,-0.58,1.42,0.38,-0.007,0.77,0.78
1988,4,0.2,-3.226,-0.31,26.93,27.38,-0.561,-1.42,0.94,1.12,0.054,-0.04,-2.39
1988,5,1.5,1.243,-0.88,25.68,26.68,-0.846,0.64,1.2,0.61,0.14,0.15,-1.24
1988,6,0.1,-0.313,-1.3,24.44,25.99,0.061,1.19,0.74,1.31,0.168,-0.3,-2.75
1988,7,1.7,0.16,-1.3,23.74,25.56,-0.143,-0.32,0.64,1.6,0.112,-0.39,1.46
1988,8,2.5,-1.831,-1.11,23.64,25.66,0.255,-0.07,0.19,-0.62,-0.007,-0.98,0.73
1988,9,3,2.046,-1.19,23.81,25.72,1.039,-0.82,-0.37,-0.97,-0.094,-1.86,0.8
1988,10,2.3,0.531,-1.48,23.43,24.82,0.032,-0.66,-0.1,0.89,-0.169,-2.31,-2.02
1988,11,2.8,2.417,-1.8,23.44,24.65,-0.035,-0.49,-0.02,0.11,-0.146,-1.69,-1.47
1988,12,2,4.167,-1.85,23.62,24.63,1.679,0.48,-0.43,0.33,-0.163,-0.2,1.85
1989,1,2.5,8.678,-1.69,24.22,24.58,3.106,0.85,-0.95,-1.57,-0.22,-0.17,3.53
1989,2,2,3.284,-1.43,25.44,25.28,3.279,1.82,-1.02,-1.71,-0.155,-0.3,3.61
1989,3,1.8,-1.98,-1.08,26.19,26.08,1.53,1.54,-0.83,-1.56,-0.252,-0.91,2.45
1989,4,2.7,-0.508,-0.83,26.72,26.74,-0.25,0.16,-0.32,-0.77,-0.288,-1.9,-0.48
1989,5,2,2.382,-0.58,26.42,27.06,0.889,1.33,0.47,-0.04,-0.146,-1.29,1.16
1989,6,1.2,-1.82,-0.4,26.3,27.14,0.345,0.03,0.36,-0.56,0.092,-1.84,-0.53
1989,7,1.5,3.336,-0.31,25.35,26.72,0.866,1,0.83,-0.59,0.178,-1.33,0.58
1989,8,-0.5,0.247,-0.27,24.72,26.33,0.551,-0.11,0.09,-0.27,0.114,-0.96,1.76
1989,9,0.8,-0.732,-0.24,24.6,26.42,0.703,2.15,0.05,0.41,-0.094,-2.1,-0.96
1989,10,1.3,0.908,-0.22,24.58,26.32,0.991,0.48,-0.12,-1.08,-0.122,-0.8,0.88
1989,11,-0.4,0.928,-0.16,24.51,26.25,0.034,0.03,-0.5,-0.7,-0.149,-0.5,-2.97
1989,12,-0.9,0.474,-0.05,24.85,26.46,-0.644,-1.15,-0.21,0.57,-0.152,0.03,-2.23
1990,1,-0.1,2.57,0.14,25.37,26.56,1.001,0.7,-0.3,-1.09,-0.298,-0.13,3.5
1990,2,-3,1.408,0.21,26.42,26.96,3.402,1.16,-0.65,-2.78,-0.161,-0.12,5.11
1990,3,-0.7,0.761,0.28,26.92,27.33,2.99,1.13,-0.62,0.04,-0.178,-0.31,3.11
1990,4,0.3,-1.401,0.29,27.49,27.9,1.879,2.03,0.27,-0.62,-0.116,0.66,1.77
1990,5,2,-1.015,0.29,27.41,28.02,0.943,-1.37,0.44,0.27,-0.058,0.49,-1.19
1990,6,0.5,0.407,0.31,26.58,27.64,0.304,0.29,0.44,-1.39,-0.055,0.87,0.42
1990,7,0.9,-1.779,0.33,25.81,27.38,-0.296,0.56,0.27,-0.26,-0.021,0.62,1.43
1990,8,-0.3,-1.279,0.38,25.23,27.07,-0.18,1.12,0.11,1.76,0.053,0.44,3.31
1990,9,-1.2,-0.368,0.39,25.02,26.94,-0.21,1.18,0.38,-0.46,0.148,2.84,-0.99
1990,10,0.4,0.942,0.35,24.84,26.93,0.66,0.76,-0.69,-0.91,0.114,2.67,-0.59
1990,11,-0.8,3.355,0.4,24.9,26.81,0.521,-0.39,-1.69,-1.66,-0.053,0.73,-1.48
1990,12,-0.4,3.352,0.41,25.15,26.95,1.277,0.11,-2.23,-1.62,-0.035,0.03,0.34
1991,1,1,1.973,0.41,25.79,27.03,0.723,0.49,-2.02,0.2,-0.194,-0.03,1.87
1991,2,0.4,-1.423,0.26,26.41,27.07,-0.876,0.74,-1.19,1.13,-0.116,-0.03,-0.02
1991,3,-1.1,-4.147,0.22,27.04,27.32,-0.527,-0.61,-0.74,-1.21,-0.069,0.44,-1.37
1991,4,-1,1.941,0.26,27.53,28.01,0.53,0.17,-1.01,0.38,-0.132,0.96,1.48
1991,5,-1.7,1.095,0.45,27.49,28.2,0.486,0.12,-0.51,-0.63,-0.153,0.72,-0.04
1991,6,-0.2,-0.023,0.64,27.3,28.25,-0.115,-0.52,-1.47,-0.92,-0.129,1.49,-0.31
1991,7,0,-0.747,0.73,26.64,28.05,-0.188,-0.46,-0.1,0.28,-0.107,0.89,-0.28
1991,8,-0.7,-0.861,0.64,25.63,27.53,0.797,1.46,0.36,-0.28,-0.109,-0.46,2.71
1991,9,-2.5,-1.395,0.62,25.26,27.14,-0.112,0.61,0.65,1.15,-0.037,-0.69,-1.12
1991,10,-1.7,-0.972,0.79,25.59,27.58,-0.252,0.3,0.49,-2.35,-0.262,-1.36,-1.77
1991,11,-1.1,1.875,1.21,26.05,27.9,0.285,0.37,0.42,0.22,-0.261,-1.78,1.68
1991,12,-2.9,-3.825,1.53,26.48,28.29,1.613,0.34,0.09,0.17,-0.214,-0.29,1.24
1992,1,-4.7,-4.153,1.71,27.03,28.38,0.55,-0.66,0.05,0.99,-0.191,-0.04,0.64
1992,2,-1.5,-8.402,1.63,27.67,28.53,1.122,0.77,0.31,0.09,-0.095,0.1,3.18
1992,3,-3.3,-8.342,1.48,28.26,28.66,0.984,0.51,0.67,0.46,-0.093,0.55,1.66
1992,4,-1.7,-3.277,1.29,28.75,29.02,-0.521,1.88,0.75,-0.29,-0.185,2.72,1.32
1992,5,0.4,-2.12,1.06,28.44,28.98,1.341,2.49,1.54,1.2,-0.223,1.98,0.79
1992,6,-1,-2.053,0.73,27.17,28.3,-0.302,0.51,1.26,1.36,-0.151,0.96,-1.74
1992,7,-1,-2.161,0.37,25.75,27.51,0.191,0.19,1.9,0.38,-0.22,0.74,1.04
1992,8,0.6,0.417,0.09,25.03,26.91,0.535,0.97,1.44,-0.37,-0.382,-1.3,3.97
1992,9,0.1,0.281,-0.13,24.83,26.65,-0.64,-0.28,0.83,-1.13,-0.37,-0.53,0.99
1992,10,-2.3,-2.741,-0.25,24.64,26.42,-0.366,-1.4,0.93,0.4,-0.301,0.54,-3.33
1992,11,-1.1,0.898,-0.28,24.64,26.42,0.717,1.12,0.93,0.8,-0.335,-0.42,4.52
1992,12,-0.9,-0.86,-0.13,24.87,26.44,1.627,0.35,0.53,-1.53,-0.286,0.08,0.21
1993,1,-1.5,-6.047,0.09,25.55,26.69,3.495,1.35,0.05,-1.48,-0.241,-0.14,3.91
1993,2,-1.2,-7.893,0.3,26.8,27.16,0.184,0.12,0.19,0.44,-0.188,0.03,0.11
1993,3,-0.8,-2.469,0.5,27.61,27.67,0.764,0.3,0.76,0.94,-0.245,0.21,1.47
1993,4,-1.9,-0.714,0.67,28.42,28.41,-0.435,0.91,1.21,1.26,-0.175,2.19,0.83
1993,5,-0.6,-7.225,0.7,28.33,28.71,-1.607,-0.67,2.13,2.43,-0.165,2.13,-2.59
1993,6,-1.4,-1.215,0.57,27.06,28.08,-0.52,-0.29,2.34,0.66,-0.183,0.94,0.16
1993,7,-1.3,-0.212,0.32,26.05,27.52,-0.511,-3.14,2.35,-0.28,-0.278,0.47,0.64
1993,8,-1.6,-2.359,0.25,25.36,26.99,-0.393,0.03,2.69,-0.17,-0.23,-0.42,0.75
1993,9,-1.2,-0.408,0.15,25.22,27.07,-0.361,-0.41,1.56,-0.97,-0.166,0.19,-2.6
1993,10,-1.8,-3.037,0.1,25.11,26.77,-0.565,-0.26,1.41,-0.17,-0.244,0.56,-4.13
1993,11,-0.1,-0.252,0.04,25.09,26.71,1.002,2.56,1.24,-0.35,-0.32,-0.54,0.77
1993,12,0.3,0.239,0.06,25.31,26.76,-0.104,1.36,1.07,0.42,-0.295,0.11,2.17
1994,1,-0.2,1.699,0.06,25.86,26.64,-0.288,0.7,1.21,-0.8,-0.298,-0.13,1.28
1994,2,0.4,-1.061,0.07,26.33,26.81,-0.862,0.08,0.59,-1.27,-0.311,-0.22,0.07
1994,3,-1.1,-1,0.17,26.85,27.39,1.881,0.92,0.8,0.23,-0.281,-0.26,3.68
1994,4,-2.1,-0.003,0.31,27.2,28.08,0.225,1.1,1.05,-0.7,-0.202,0.54,1.38
1994,5,-1.1,-0.914,0.42,27.15,28.24,-0.115,-0.48,1.23,0.48,-0.209,0.22,-1.43
1994,6,-0.7,1,0.41,26.56,28.04,1.606,1.84,0.46,-1.36,-0.224,0.94,2.98
1994,7,-2.2,-0.782,0.44,25.53,27.54,0.351,1.34,0.06,-0.06,-0.233,0.94,-0.09
1994,8,-2,-0.926,0.43,24.86,27.38,0.828,0.36,-0.79,-1.38,-0.237,-0.59,-1.59
1994,9,-2.6,-1.407,0.55,24.85,27.2,-0.084,-1.14,-1.36,-2.02,-0.154,0.25,-2.85
1994,10,-1.9,-1.6,0.74,25.5,27.47,0.174,-0.54,-1.32,-0.09,-0.061,0.79,-1.88
1994,11,-0.9,1.356,1.01,25.99,27.81,1.779,0.54,-1.96,-1.61,-0.022,-0.29,1.68
1994,12,-2,-2.533,1.09,26.05,27.85,0.894,1.78,-1.79,0.39,-0.093,0.27,2.86
1995,1,-0.7,NaN,0.96,26.43,27.57,-0.154,0.57,-0.49,0.2,-0.065,0.04,2.7
1995,2,-0.2,-2.735,0.72,26.85,27.49,1.429,0.85,0.46,0.68,-0.042,0.08,3.13
1995,3,1.2,-4.533,0.53,27.18,27.75,0.393,0.91,0.75,0.03,0.014,-0.1,1.06
1995,4,-1.1,-0.973,0.3,27.18,28.1,-0.963,-1.07,0.83,0.04,0.073,0.48,-1.81
1995,5,-0.6,-1.434,0.14,26.53,27.82,-0.891,-1.33,1.46,0.09,0.269,0.16,-0.36
1995,6,0.2,-0.292,-0.03,26.07,27.59,-0.112,0.44,1.27,0.9,0.361,1.58,-3.36
1995,7,0.7,-1.075,-0.24,25.36,27.08,-0.217,-0.19,1.71,-0.74,0.311,2.71,-0.96
1995,8,0.5,-1.786,-0.54,24.21,26.23,0.544,0.76,0.21,-0.33,0.181,3.02,-1.33
1995,9,0.4,-0.161,-0.81,23.86,25.88,-0.549,0.45,1.16,1.22,0.051,1.63,-1.55
1995,10,0,1.31,-0.97,23.98,25.84,0.075,0.72,0.47,0.11,0.099,1.96,1.22
1995,11,0.1,0.83,-1,24.04,25.6,-0.723,-1.59,-0.28,-0.73,0.124,0.79,-2.73
1995,12,-0.8,-1.4,-0.98,24.25,25.65,-2.127,-1.64,0.16,0.62,0.039,-0.03,-3.33
1996,1,1.6,1.09,-0.9,24.85,25.69,-1.2,-0.65,0.59,-0.68,-0.012,-0.17,-3.27
1996,2,0.4,-3.874,-0.75,25.73,25.89,0.163,-0.52,0.75,-0.7,-0.035,-0.25,-0.12
1996,3,1.9,-1.118,-0.59,26.67,26.67,-1.483,-0.66,1.01,-0.75,-0.06,-0.41,-2.57
1996,4,1.3,0.299,-0.39,26.75,27.35,-1.525,-0.33,1.46,0.51,0.007,-0.51,-0.31
1996,5,0.5,-1.566,-0.31,26.51,27.55,-0.226,-0.93,2.18,0.37,-0.068,-0.27,-1.5
1996,6,1.9,1.471,-0.3,25.86,27.29,0.497,0.87,1.1,-1.18,-0.126,-0.23,1.43
1996,7,1.1,0.022,-0.27,25.17,26.85,0.715,0.7,0.77,0.18,-0.107,-1.23,1.47
1996,8,1.2,0.935,-0.32,24.69,26.64,0.125,1.19,-0.14,-0.93,-0.011,-2.14,-0.19
1996,9,1,1.728,-0.35,24.41,26.27,-1.14,-0.69,0.24,-0.27,-0.004,0.88,-2.23
1996,10,1,2.151,-0.4,24.39,26.27,0.183,0.15,-0.33,-0.67,-0.147,-0.37,-0.07
1996,11,-0.1,1.419,-0.45,24.45,26.29,0.136,-0.72,0.09,-0.44,-0.176,-1.63,-0.05
1996,12,1.5,-1.733,-0.49,24.22,25.95,-1.721,-1.4,-0.03,-1.53,-0.158,-0.14,-4.7
1997,1,0.8,-2.977,-0.5,24.77,26.01,-0.457,-1.08,0.23,0.16,-0.094,-0.17,-1.95
1997,2,2.9,6.571,-0.36,25.73,26.38,1.889,1.48,0.28,0.45,-0.038,-0.21,5.26
1997,3,-0.7,2.004,-0.1,26.86,27.04,1.091,1.13,0.65,-1.56,0.002,0.19,2.09
1997,4,-1,-0.95,0.28,27.47,27.98,0.324,-1.25,1.05,0.29,0.005,0.67,-0.97
1997,5,-2.2,-4.599,0.75,27.9,28.58,-0.961,-0.21,1.83,0.77,0.037,2.16,-1.35
1997,6,-2.3,-2.225,1.22,28.13,28.82,-0.815,-1.17,2.76,-0.25,0.006,3.77,-4.05
1997,7,-1.2,-0.972,1.6,27.9,28.86,-0.431,0.37,2.35,0.1,0.058,4.75,1.18
1997,8,-2.4,-3.765,1.9,27.71,28.75,0.121,0.94,2.79,-0.55,0.012,5.05,1.78
1997,9,-2.4,-4.213,2.14,27.74,28.85,0.195,0.74,2.19,0.22,0.106,6.13,-0.67
1997,10,-2.4,-1.741,2.33,28.06,29.08,-0.7,-1.34,1.61,-0.12,0.147,6.07,-2.26
1997,11,-2,-8.608,2.4,28.37,29.12,-0.661,-1.08,1.12,0.86,0.048,4.73,-0.99
1997,12,-1.6,-2.092,2.39,28.53,28.89,-0.071,-0.98,0.67,0.85,0.128,3.32,-0.2
1998,1,-4.4,-8.112,2.24,28.74,28.93,-2.081,-0.05,0.83,0.3,0.127,3.57,-0.28
1998,2,-3.4,NaN,1.93,28.9,28.78,-0.183,-0.57,1.56,0.89,0.289,4.93,2.44
1998,3,-4,-3.578,1.44,29.12,28.62,-0.254,0.51,2.01,0.69,0.319,5.43,1.24
1998,4,-2.4,-0.944,0.99,29.22,28.6,-0.038,-0.88,1.27,0.85,0.288,4.8,-0.39
1998,5,0.4,-2.547,0.45,28.64,28.51,0.429,-1.17,0.7,-1.87,0.381,4.46,-1.26
1998,6,1.6,1.351,-0.13,26.99,27.34,-0.711,-2.44,0.4,0.09,0.486,5.33,-0.85
1998,7,2,0.856,-0.78,25.42,26.3,-0.212,-0.45,-0.04,1.67,0.485,6.02,-0.57
1998,8,1.9,1.579,-1.12,24.45,25.57,0.65,-0.15,-0.22,-0.6,0.509,5.82,1.8
1998,9,1.7,-1.561,-1.31,23.95,25.46,-1.05,-1.8,-1.21,0.42,0.409,3.35,-3.48
1998,10,1.8,1.959,-1.35,23.99,25.25,0.294,0.2,-1.39,0.77,0.379,3.32,1.34
1998,11,1.7,0.938,-1.48,24.24,25.24,-1.449,-0.43,-0.52,0.7,0.314,1.56,1.13
1998,12,2.3,8.101,-1.57,24.13,24.91,1.353,0.72,-0.44,-0.39,0.276,-0.04,1.95
1999,1,3,4.302,-1.55,24.41,24.86,0.11,0.39,-0.32,-0.44,0.048,-0.17,0.9
1999,2,1.6,3.174,-1.3,25.52,25.43,0.482,-0.11,-0.66,-0.46,0.054,-0.23,1.8
1999,3,2.1,0.822,-1.07,26.68,26.33,-1.492,-0.16,-0.33,0.38,0.066,-0.24,-0.72
1999,4,2.3,4.186,-0.98,26.71,26.7,0.284,-1.18,-0.41,0.05,0.049,-0.5,0.43
1999,5,0.4,2.295,-1.02,26.45,26.79,0.226,0.9,-0.68,-0.05,0.159,-0.83,1.03
1999,6,0.4,0.057,-1.04,25.72,26.53,0.707,1.44,-1.3,0.43,0.177,0.71,1.39
1999,7,0.9,-0.469,-1.1,25.05,26.13,-0.002,-0.87,-0.66,-0.92,0.195,-0.08,-1.85
1999,8,0.6,-1.651,-1.11,24.28,25.63,-0.672,0.38,-0.96,1.95,0.304,3.09,-3.67
1999,9,-0.1,-1.651,-1.16,23.79,25.63,0.059,0.5,-1.53,0.33,0.182,1.45,-0.51
1999,10,1.6,0.012,-1.26,23.6,25.48,-0.006,0.73,-2.23,0.62,0.014,0.21,-0.69
1999,11,1.7,-2.029,-1.46,23.6,25.12,0.611,0.55,-2.05,0.45,-0.052,-0.08,0.3
1999,12,2.4,6.941,-1.65,23.68,24.86,1.043,1.4,-1.63,-0.09,0.012,-0.21,2.13
2000,1,1.1,0.929,-1.66,24,24.78,1.27,0.19,-2,-1.7,-0.087,-0.17,0.35
2000,2,2.7,-4.992,-1.41,25.27,25.21,1.076,1.48,-0.83,1.2,-0.041,-0.3,4.37
2000,3,2.2,3.324,-1.07,26.7,26.3,-0.451,0.4,0.29,0.95,0.101,-0.8,0.54
2000,4,2,-0.614,-0.81,27.41,26.95,-0.279,-0.18,0.35,-0.58,0.039,-0.04,-3.34
2000,5,0.6,-0.812,-0.71,26.88,27.07,0.969,1.52,-0.05,-0.16,0.102,-0.31,0.31
2000,6,-0.3,-1.944,-0.64,26.03,26.94,0.586,0.28,-0.44,-1.19,-0.021,-1.11,0.89
2000,7,-0.3,1.526,-0.55,25.18,26.63,-0.649,-1,-0.66,-2.55,0.069,-0.66,-2.99
2000,8,1.2,0.997,-0.51,24.64,26.37,0.144,-0.5,-1.19,-0.51,0.1,1.09,0.78
2000,9,1.4,-0.59,-0.55,24.59,26.2,0.395,-0.06,-1.24,-1.21,0.099,1.16,-1.1
2000,10,1.8,1.53,-0.63,24.48,26.02,0.317,1.51,-1.3,0.44,-0.043,0.96,1.37
2000,11,3,4.215,-0.75,24.4,25.92,-1.581,-1.1,-0.53,0.7,-0.056,0.65,-0.24
2000,12,1.3,1.911,-0.74,24.57,25.68,-2.354,-0.63,0.52,0.92,-0.13,0.03,-1.41
2001,1,1.6,1.31,-0.68,25.24,25.81,-0.959,-0.22,0.6,1.29,-0.13,-0.17,0.02
2001,2,2.8,2.013,-0.52,26.12,26.12,-0.622,0.07,0.29,-0.51,-0.03,-0.24,0.07
2001,3,1.5,0.853,-0.44,27.2,26.8,-1.687,-1.73,0.45,0.39,0.012,-0.44,-0.68
2001,4,0.3,2.209,-0.34,27.46,27.33,0.906,-0.15,-0.31,-0.7,-0.015,0.12,1.24
2001,5,-0.8,-0.607,-0.25,27.11,27.6,0.452,0.03,-0.3,-0.01,-0.012,-0.68,-0.09
2001,6,0.5,1.43,-0.12,26.34,27.54,-0.015,0.11,-0.47,-0.89,0.195,0.51,-1.33
2001,7,-0.3,0.528,-0.08,25.53,27.25,-0.031,-0.22,-1.31,-0.36,0.132,0.57,-1.12
2001,8,-0.7,-0.027,-0.13,24.9,26.8,0.52,-0.22,-0.77,-0.14,0.175,2.95,1.64
2001,9,0.3,-0.811,-0.19,24.31,26.52,-0.707,-0.49,-1.37,0.04,0.283,3.09,-3.83
2001,10,-0.1,0.734,-0.29,24.55,26.57,0.707,0.25,-1.37,-0.08,0.248,2.07,0.88
2001,11,1.1,-2.977,-0.35,24.42,26.33,0.819,0.53,-1.26,1.03,0.153,1.89,0.01
2001,12,-1.4,-0.805,-0.31,24.61,26.19,-1.322,-0.86,-0.93,0.26,0.211,-0.01,-2.25
2002,1,0.7,2.848,-0.15,25.17,26.39,1.381,0,0.27,-0.7,0.179,-0.13,2.31
2002,2,1.8,2.942,0.03,26.16,26.71,1.304,0.8,-0.64,-0.11,0.162,-0.14,3.01
2002,3,-0.4,1.664,0.09,27.35,27.29,0.902,0.32,-0.43,-1.56,0.142,0.06,0.09
2002,4,-0.1,0.226,0.2,27.58,27.84,0.748,1.14,-0.32,-2.4,0.024,0.81,0.91
2002,5,-1.4,-0.127,0.43,27.51,28.24,0.401,-0.15,-0.63,-0.56,-0.051,0.47,-0.05
2002,6,-0.4,0.495,0.65,27.19,28.44,0.573,0.69,-0.35,0.06,-0.12,-0.36,0.9
2002,7,-0.8,-1.938,0.79,26.19,28.03,0.328,0.65,-0.31,0.4,-0.068,0.71,-0.71
2002,8,-1.6,-0.31,0.86,25.63,27.72,-0.229,0.36,0.6,0.61,0.104,0.68,-0.61
2002,9,-1,-2.719,1.01,25.76,27.81,-0.043,-0.54,0.43,0.6,0.077,1.77,-3.58
2002,10,-0.6,-0.016,1.21,25.97,27.96,-1.488,-1.97,0.42,-0.55,0.108,3.03,-1.5
2002,11,-0.7,-1.922,1.31,26.4,28.17,-1.425,-0.32,1.51,1.46,0.016,1.15,-0.27
2002,12,-1.8,-5.861,1.14,26.44,27.97,-1.592,-0.96,2.1,1.28,0.002,0.01,-0.98
2003,1,-0.3,-2.517,0.92,26.23,27.15,-0.472,-0.32,2.09,1.01,0.047,-0.03,0.15
2003,2,-1.1,-0.073,0.63,26.84,27.39,0.128,0.26,1.75,0.68,-0.016,0.02,1.34
2003,3,-0.5,-0.57,0.38,27.39,27.65,0.933,-0.07,1.51,-0.36,0.11,1.21,1.08
2003,4,-0.2,-2.628,-0.04,27.14,27.68,-0.178,-0.34,1.18,-0.1,0.076,0.46,-1.74
2003,5,-0.5,-0.762,-0.26,26.29,27.32,1.017,0.06,0.89,-1.85,0.148,-0.09,1.17
2003,6,-1,-2.216,-0.16,26.03,27.44,-0.102,0.24,0.68,-0.53,0.202,1.43,-0.86
2003,7,0.5,0.286,0.08,25.92,27.5,0.075,0.16,0.96,0.73,0.273,1.99,0.09
2003,8,0.2,0.091,0.21,25.38,27.11,-0.28,-0.22,0.88,-0.31,0.412,4.58,-0.99
2003,9,-0.2,-1.554,0.26,25.05,26.99,0.467,0.16,0.01,0.59,0.449,3.74,0.35
2003,10,0,0.414,0.29,25.38,27.14,-0.67,-0.86,0.83,1.23,0.423,4.71,-3.68
2003,11,-0.5,-0.763,0.35,25.75,27.04,0.642,0.77,0.52,-1.65,0.22,2.91,0.31
2003,12,1.8,-1.635,0.35,26,27.03,0.265,0.5,0.33,0.56,0.221,0,-0.85
2004,1,-2.2,-0.554,0.37,26.08,26.81,-1.686,-0.85,0.43,-0.12,0.208,-0.14,0.2
2004,2,2,-0.219,0.31,26.7,26.98,-1.528,-0.6,0.48,1.12,0.206,-0.19,-1.23
2004,3,0.7,5.007,0.23,27.34,27.4,0.318,0.67,0.61,0,0.155,-0.34,1.07
2004,4,-1.5,0.078,0.17,27.52,27.89,-0.409,1.11,0.57,0.25,0.105,0.63,1.08
2004,5,1.7,1.529,0.17,26.8,28,-0.094,0.23,0.88,-1.46,0.003,0.31,-0.67
2004,6,-1.4,0.547,0.28,26.35,27.86,-0.236,-0.59,0.04,-0.28,0.174,1.14,-0.38
2004,7,-0.8,-1.063,0.47,25.78,27.78,-0.201,1.16,0.44,-0.33,0.225,2.18,-0.3
2004,8,-0.5,-0.766,0.64,25.36,27.62,-0.72,-0.74,0.85,1.52,0.314,4.44,-0.76
2004,9,-0.6,0.674,0.7,25.35,27.53,0.855,0.52,0.75,-0.11,0.238,3.67,2.51
2004,10,-0.1,-2.109,0.67,25.52,27.44,-0.515,-0.69,-0.11,-1.37,0.239,3.16,-2.18
2004,11,-1.1,4.444,0.66,25.73,27.36,0.678,0.63,-0.63,0.29,0.218,2.7,-0.55
2004,12,-1.3,0.037,0.69,25.91,27.34,1.23,1.03,-0.17,-0.04,0.184,0.07,1.27
2005,1,0.6,-2.242,0.64,25.98,27.21,0.356,1.26,0.44,-0.62,0.108,-0.06,1.82
2005,2,-5.2,-5.398,0.58,26.31,27.11,-1.271,-0.51,0.81,-0.11,0.123,-0.22,-2.25
2005,3,0.5,-0.002,0.45,27.14,27.73,-1.348,-2.32,1.36,0.56,0.281,0.36,-1.29
2005,4,-1,0.287,0.43,27.53,28.08,-0.046,-0.47,1.03,1,0.289,1.4,0.71
2005,5,-1.3,-2.468,0.29,27.41,28.24,-0.763,-1.11,1.86,1.62,0.29,3.11,-0.13
2005,6,0.7,1.027,0.11,26.68,27.77,-0.383,0.26,1.17,0.42,0.324,4.42,-1
2005,7,0.3,-0.195,-0.06,25.91,27.06,-0.03,-0.48,0.66,-0.02,0.444,5.84,-0.08
2005,8,-0.6,-0.757,-0.14,25.3,26.8,0.026,0.35,0.25,0.69,0.437,4.9,0.94
2005,9,0.6,3.341,-0.11,24.82,26.68,0.802,0.76,-0.46,1.32,0.416,4.4,0.5
2005,10,2,2.172,-0.29,24.64,26.65,0.03,-0.55,-1.32,1.16,0.235,2.45,-0.45
2005,11,-0.3,3.332,-0.57,23.97,26.11,0.228,-0.46,-1.5,-0.74,0.137,1.48,-1.01
2005,12,0,-1.886,-0.81,24,25.68,-2.104,-0.5,0.2,1.07,0.213,-0.25,-0.81
2006,1,2.7,4.121,-0.79,24.85,25.63,-0.17,0.97,1.03,-0.1,0.121,-0.17,-0.1
2006,2,0.2,2.257,-0.67,26.06,26.08,-0.156,-1.02,0.66,-0.44,0.072,-0.3,-1.24
2006,3,2.9,-0.108,-0.47,26.65,26.57,-1.604,-1.75,0.05,-0.56,0.057,-0.52,-1.12
2006,4,1.8,-0.886,-0.28,27.16,27.5,0.138,1.2,0.4,0.2,0.195,-0.07,0.57
2006,5,-0.8,-0.66,-0.05,27.17,27.85,0.156,-1.01,0.48,-1.03,0.305,0.45,-0.22
2006,6,-0.4,-0.154,0.04,26.61,27.73,1.071,1.15,1.04,-1.02,0.33,0.95,-0.41
2006,7,-1,-0.913,0.12,25.82,27.3,0.103,0.93,0.35,1.29,0.372,2.14,0.83
2006,8,-1.7,-0.472,0.27,25.51,27.16,-0.265,-2.35,-0.65,-1.45,0.398,4.29,-2.47
2006,9,-1,0.579,0.48,25.73,27.32,0.606,-1.43,-0.94,0.31,0.361,4.92,-1.02
2006,10,-2.1,-1.143,0.71,25.86,27.41,-1.029,-1.92,-0.05,-0.76,0.331,5.22,-1.97
2006,11,0.1,0.905,0.9,26.1,27.69,0.521,0.33,-0.22,-1.34,0.286,3.18,2
2006,12,-0.5,2.745,0.95,26.37,27.74,2.282,1.15,0.14,1.55,0.168,0.06,3.03
2007,1,-1.3,8.058,0.71,26.53,27.24,2.034,-0.25,0.01,0.27,0.168,-0.04,1.76
2007,2,-0.1,2.207,0.32,26.49,26.88,-1.307,-0.98,0.04,-0.42,0.214,0,0.42
2007,3,0.3,5.106,-0.03,26.8,27.1,1.182,1.11,-0.36,-0.12,0.124,-0.29,2.03
2007,4,-0.2,1.956,-0.23,26.95,27.5,0.544,0.04,0.16,0.97,0.156,0.45,-0.1
2007,5,-0.2,2.032,-0.29,26.37,27.46,0.894,0.66,-0.1,0.03,0.109,0.04,0.62
2007,6,0.9,NaN,-0.41,25.9,27.37,-0.555,-1.01,0.09,-0.3,0.085,0.19,-3.34
2007,7,-0.5,NaN,-0.54,24.85,26.71,-0.397,-0.55,0.78,1.65,0.126,1.63,-1.05
2007,8,0.7,NaN,-0.84,23.94,26.14,-0.034,-0.31,0.5,1.96,0.052,1.52,-3.41
2007,9,0.3,NaN,-1.13,23.63,25.61,0.179,0.85,-0.36,1.52,0.095,1.63,-1.18
2007,10,1.2,NaN,-1.4,23.55,25.32,0.383,1,-1.45,0.77,0.155,1.4,-0.02
2007,11,1.4,NaN,-1.54,23.48,25.17,-0.519,0.48,-1.08,0.65,0.173,0.47,-1.67
2007,12,2.7,NaN,-1.6,23.57,25.01,0.821,0.23,-0.58,-0.16,0.108,-0.16,1.36
2008,1,2.9,NaN,-1.59,24.19,24.86,0.819,0.53,-1,-1.06,0.027,-0.17,1.85
2008,2,4.4,NaN,-1.42,25.16,25.08,0.938,0.38,-0.77,0.37,0.126,-0.28,1.79
2008,3,2.4,NaN,-1.19,26.45,26.07,0.586,-0.32,-0.71,-0.61,0.156,-0.53,0.37
2008,4,1.1,NaN,-0.92,27.12,26.83,-0.455,-1.31,-1.52,-1.18,0.04,0.17,-2.02
2008,5,-0.1,NaN,-0.75,27,27.09,-1.205,-1.55,-1.37,1.25,0.169,-0.31,-3.26
2008,6,1,NaN,-0.54,26.46,27.04,-0.09,-1.09,-1.34,-1.76,0.253,-0.02,-1.62
2008,7,0.5,NaN,-0.35,26.08,26.99,-0.48,-1.24,-1.67,-0.51,0.203,0.99,-1.13
2008,8,1.7,NaN,-0.26,25.62,26.72,-0.08,-1.62,-1.7,0.89,0.172,3.42,-0.21
2008,9,2,NaN,-0.3,25.2,26.47,-0.327,1.14,-1.55,0.89,0.196,2.7,-2.07
2008,10,2.1,NaN,-0.41,25.07,26.37,1.676,0.47,-1.76,1.11,0.1,2.62,0.01
2008,11,2.2,NaN,-0.6,24.98,26.25,0.092,-0.47,-1.25,1.05,-0.002,1.84,-1.3
2008,12,2.4,NaN,-0.73,24.66,25.74,0.648,-0.35,-0.87,-1.71,0.016,-0.3,-0.58
2009,1,1.8,NaN,-0.8,25.15,25.66,0.8,-0.52,-1.4,0.13,-0.062,-0.17,0.6
2009,2,3.1,NaN,-0.69,25.84,25.96,-0.672,-0.38,-1.55,-1.57,-0.167,-0.3,-1.43
2009,3,0.7,NaN,-0.52,26.49,26.59,0.121,0.19,-1.59,-1.29,-0.163,-0.76,0.15
2009,4,1.3,NaN,-0.24,27.41,27.47,0.973,-0.36,-1.65,-0.04,-0.133,-0.11,1.74
2009,5,-0.2,NaN,0.09,27.54,27.99,1.194,1.61,-0.88,-0.43,-0.064,0.25,1.52
2009,6,0.2,NaN,0.35,27.18,28.04,-1.351,-0.91,-0.31,0.48,0.119,1.85,-3.05
2009,7,0.4,NaN,0.47,26.49,27.78,-1.356,-2.11,-0.53,0.72,0.225,3.8,-0.92
2009,8,-0.3,NaN,0.54,25.92,27.42,-0.054,-0.37,0.09,0.62,0.15,4.09,1.07
2009,9,0.5,NaN,0.65,25.69,27.4,0.875,1.62,0.52,1.03,0.054,3.77,-0.63
2009,10,-2,NaN,0.95,25.76,27.6,-1.54,-0.61,0.27,0.64,0.162,4.87,-1.53
2009,11,-1,NaN,1.31,26.18,28.16,0.459,-0.16,-0.4,0.19,0.066,3.17,1.68
2009,12,-1.2,NaN,1.57,26.55,28.34,-3.413,-1.88,0.08,0.04,0.08,0.79,-3.73
2010,1,-1.8,NaN,1.55,26.73,28.07,-2.587,-1.8,0.83,0.96,0.037,-0,-2.38
2010,2,-2.4,NaN,1.31,27.28,28.01,-4.266,-2.69,0.82,0.48,0.174,0.64,-3.92
2010,3,-1.1,NaN,0.94,27.76,28.18,-0.432,-1.33,0.44,1.68,0.284,1.85,-0.8
2010,4,2,NaN,0.44,27.85,28.2,-0.275,-0.93,0.78,1.26,0.423,4.04,-1.03
2010,5,1.5,NaN,-0.09,27.08,27.71,-0.919,-1.33,0.62,-0.73,0.457,6.14,-1.66
2010,6,0.6,NaN,-0.59,25.91,27.04,-0.013,-0.52,-0.22,-0.1,0.445,7.32,-3.65
2010,7,3,NaN,-1.03,24.79,26.22,0.435,-0.39,-1.05,0.89,0.447,5.94,0.06
2010,8,3,NaN,-1.38,23.97,25.47,-0.117,-1.69,-1.27,1.07,0.523,4.95,-2.01
2010,9,3.7,NaN,-1.61,23.61,25.12,-0.865,-0.62,-1.61,1.07,0.446,3.24,-2.38
2010,10,2.9,NaN,-1.7,23.5,25.03,-0.467,-0.5,-1.06,2.15,0.321,2.94,-2.41
2010,11,2.1,NaN,-1.69,23.59,25.06,-0.376,-1.84,-0.82,-0.81,0.233,2.27,-3.34
2010,12,4.8,NaN,-1.59,23.73,25,-2.631,-1.8,-1.21,-2.08,0.205,0.1,-4.61
2011,1,3.8,NaN,-1.37,24.4,25,-1.683,-1.53,-0.92,1,0.141,-0.17,-1.38
2011,2,4.5,NaN,-1.09,25.63,25.64,1.575,0.35,-0.83,-2.41,0.105,-0.28,2.79
2011,3,4.2,NaN,-0.83,26.47,26.36,1.424,0.24,-0.69,0.38,0.052,-0.85,-0.17
2011,4,3.1,NaN,-0.64,27.25,27.05,2.275,2.55,-0.42,-1.78,0.089,-0.75,2.39
2011,5,0.6,NaN,-0.47,26.96,27.41,-0.035,-0.01,-0.37,0.25,0.149,0,1.08
2011,6,0.4,NaN,-0.38,26.5,27.35,-0.858,-0.98,-0.69,0.35,0.175,2.13,-1.58
2011,7,1.6,NaN,-0.46,25.61,26.87,-0.472,-1.48,-1.86,-0.75,0.089,2.64,-3.39
2011,8,0.7,NaN,-0.65,24.73,26.21,-1.063,-1.85,-1.74,1.4,0.144,3.53,-2.41
2011,9,1.7,NaN,-0.89,24.29,25.92,0.665,0.67,-1.79,-0.39,0.141,1.42,2.97
2011,10,1.2,NaN,-1.06,23.92,25.67,0.8,0.94,-1.34,0.86,0.06,1.65,1.31
2011,11,1.8,NaN,-1.14,23.98,25.52,1.459,1.3,-2.33,-0.76,-0.074,1.67,0.74
2011,12,4.1,NaN,-1.03,24.31,25.54,2.221,2.25,-1.79,0.06,-0.048,-0.26,3.2
2012,1,1.8,NaN,-0.81,25.09,25.67,-0.22,0.86,-1.38,0.13,-0.068,-0.16,2.05
2012,2,0.8,NaN,-0.62,26.22,26.08,-0.036,0.03,-0.85,0.7,0.001,-0.14,1.28
2012,3,1.2,NaN,-0.5,27.02,26.67,1.037,0.93,-1.05,-0.19,0.023,-0.5,1.78
2012,4,-0.4,NaN,-0.38,27.56,27.32,-0.035,0.37,-0.27,-0.09,0.077,0.44,-2.36
2012,5,0.1,NaN,-0.18,27.34,27.61,0.168,-0.79,-1.26,-0.29,0.161,0.3,-0.83
2012,6,-0.7,NaN,0.05,27.05,27.75,-0.672,-2.25,-0.87,-0.42,0.297,1.77,-2.58
2012,7,-0.1,NaN,0.27,26.37,27.54,0.168,-1.29,-1.52,-0.57,0.372,2.88,-1.31
2012,8,-0.3,NaN,0.33,25.64,27.32,0.014,-1.39,-1.93,-0.2,0.428,4.44,-0.44
2012,9,0.4,NaN,0.31,25.24,27.1,0.772,-0.43,-2.21,-0.39,0.445,4.72,-1.44
2012,10,0.5,NaN,0.21,25,26.98,-1.514,-1.73,-0.79,-1.13,0.326,4.51,-3.21
2012,11,0.4,NaN,0.01,25.08,26.86,-0.111,-0.74,-0.59,-1.06,0.162,3.89,-1.11
2012,12,-1,NaN,-0.21,24.8,26.34,-1.749,0.07,-0.48,-1.31,0.138,0.17,0.6
2013,1,-0.1,NaN,-0.38,25,26.01,-0.61,-0.11,-0.13,0.05,0.125,-0.14,1.08
2013,2,-0.4,NaN,-0.33,25.84,26.24,-1.007,-0.96,-0.43,0.3,0.112,-0.1,-0.26
2013,3,2.5,NaN,-0.24,27.08,27.03,-3.185,-2.09,-0.63,-0.26,0.155,-0.6,-3.75
2013,4,0.4,NaN,-0.21,27.22,27.57,0.322,0.6,-0.16,-1.76,0.133,0.36,0.03
2013,5,1.3,NaN,-0.27,26.43,27.53,0.494,0.58,0.08,-0.24,0.098,-0.38,1.23
2013,6,2,NaN,-0.34,25.73,27.3,0.549,0.83,-0.78,-0.35,0.043,0.6,1.4
2013,7,1.3,NaN,-0.38,25.1,26.91,-0.011,0.7,-1.25,-0.71,0.187,0.34,2.52
2013,8,0.3,NaN,-0.35,24.47,26.47,0.154,1.12,-1.04,-0.06,0.191,3.73,2.16
2013,9,0.5,NaN,-0.31,24.58,26.54,-0.461,0.38,-0.48,0.41,0.252,3.87,-0.57
2013,10,-0.1,NaN,-0.23,24.79,26.52,0.263,-0.88,-0.87,-0.21,0.344,4.32,-0.36
2013,11,1.2,NaN,-0.22,24.9,26.56,2.029,0.81,-0.11,-1.14,0.125,2.14,0.04
2013,12,0.1,NaN,-0.27,25.09,26.43,1.475,0.79,-0.41,-1.16,0.033,0.09,3.54
2014,1,2.4,NaN,-0.37,25.23,26.05,-0.969,-0.17,0.3,0.59,-0.065,-0.04,0.71
2014,2,0.1,NaN,-0.36,25.62,26.14,0.044,1.07,0.38,-1.57,-0.046,0.09,2.32
2014,3,-1.5,NaN,-0.17,26.89,27,1.206,0.44,0.97,-0.5,-0.084,0.53,1.64
2014,4,1.3,NaN,0.13,27.64,27.9,0.972,0.19,1.13,0,-0.097,1.47,0.84
2014,5,0.9,NaN,0.3,27.64,28.25,0.464,-0.8,1.8,-0.59,-0.005,1.59,-0.08
2014,6,0.3,NaN,0.23,27.15,27.96,-0.507,-0.67,0.82,-1.44,0.059,1.92,-1.98
2014,7,-0.3,NaN,0.07,26.12,27.23,-0.489,0.21,0.7,0.5,0.218,3.78,0.91
2014,8,-1.2,NaN,0.03,25.3,26.82,-0.372,-2.28,0.67,1.35,0.332,4.64,-1.14
2014,9,-1.2,NaN,0.18,25.27,27.01,0.102,1.72,1.08,0.78,0.307,4.95,-2.1
2014,10,-1,NaN,0.44,25.56,27.16,-1.134,-0.87,1.49,1.14,0.289,4.81,0.31
2014,11,-1.5,NaN,0.59,25.88,27.46,-0.53,0.58,1.72,0.64,0.062,2.88,-2.17
2014,12,-0.9,NaN,0.66,25.91,27.31,0.413,1.63,2.51,0.37,0.055,0.17,1.89
2015,1,-1.4,NaN,0.6,26.01,27.05,1.092,1.57,2.45,0.14,-0.011,0.31,2.81
2015,2,0.4,NaN,0.56,26.46,27.17,1.043,1.05,2.3,0.49,-0.007,0.08,1.47
2015,3,-1.2,NaN,0.62,27.3,27.75,1.837,1.12,2,-0.52,-0.132,-0.16,1.99
2015,4,-0.1,NaN,0.79,28.21,28.52,1.216,0.64,1.44,-0.39,-0.075,2.3,1.03
2015,5,-1.2,NaN,1.02,28.2,28.85,0.763,0.19,1.2,-0.05,0.041,2.63,2.09
2015,6,-0.9,NaN,1.25,28.07,28.9,0.427,0.24,1.54,-0.07,0.026,4.96,0.28
2015,7,-1.9,NaN,1.54,27.66,28.75,-1.108,-3.14,1.84,0.29,0.129,5.65,-2.16
2015,8,-2.4,NaN,1.83,27.21,28.79,-0.689,-1.1,1.56,0.05,0.175,6.86,1.47
2015,9,-2.7,NaN,2.11,27.4,28.93,-0.165,-0.49,1.94,-0.8,0.297,8.8,-1.65
2015,10,-2.8,NaN,2.37,27.6,29.08,-0.25,0.99,1.47,2.12,0.321,9.14,-1.13
2015,11,-0.8,NaN,2.53,27.95,29.42,1.945,1.7,0.86,-0.2,0.183,7.35,3.54
2015,12,-0.9,NaN,2.64,28.07,29.26,1.444,1.99,1.01,0.47,0.226,4.99,4.22
2016,1,-3.6,NaN,2.53,28.25,29.11,-1.449,-0.37,1.53,1.94,0.228,3.96,1.17
2016,2,-3.2,NaN,2.23,28.38,29.01,-0.024,1.35,1.75,1.68,0.152,1.41,1.61
2016,3,-0.1,NaN,1.68,28.74,28.9,0.28,0.37,2.4,0.41,0.185,4.04,0.33
2016,4,-2,NaN,1.03,28.2,28.72,-1.051,0.26,2.62,0.6,0.174,2.53,-2.06
2016,5,0.7,NaN,0.48,27.23,28.23,-0.036,-0.67,2.35,-0.85,0.341,3.08,-0.83
2016,6,1.1,NaN,-0,26.48,27.69,0.313,-0.13,2.03,-0.64,0.406,5.47,-1.27
2016,7,0.7,NaN,-0.34,25.19,26.82,0.085,-1.72,1.25,0.53,0.428,6.38,2.19
2016,8,1.2,NaN,-0.57,24.59,26.28,0.472,-2.24,0.52,-0.91,0.453,5.45,2.14
2016,9,2,NaN,-0.68,24.64,26.14,0.781,0.74,0.45,0.11,0.454,4.28,2.45
2016,10,-0.4,NaN,-0.74,24.42,25.98,-1.917,0.96,0.56,1.53,0.377,5.94,-1.47
2016,11,-0.2,NaN,-0.71,24.48,25.94,-0.611,-0.31,1.88,1.44,0.387,3.65,-1.61
2016,12,0.5,NaN,-0.56,24.76,26.1,1.786,0.35,1.17,-0.65,0.332,1.05,2.1
2017,1,0.3,NaN,-0.29,25.58,26.12,0.942,0.05,0.77,-0.29,0.222,-0.03,0.17
2017,2,-0.1,NaN,-0.06,26.83,26.67,0.34,0.69,0.7,-0.05,0.223,0.43,1.38
2017,3,1.5,NaN,0.15,27.55,27.32,1.365,0.37,0.74,-0.03,0.164,0.63,1.05
2017,4,-0.3,NaN,0.29,28.03,28.03,-0.089,1.74,1.12,0.14,0.279,1.77,1.5
2017,5,0.4,NaN,0.39,27.55,28.3,-0.73,-1.72,0.88,-0.19,0.311,1.83,0.38
2017,6,-0.7,NaN,0.38,26.68,28.06,0.402,0.35,0.79,1.18,0.304,1.76,-0.55
2017,7,1.3,NaN,0.16,25.84,27.54,0.634,1.28,0.1,1.33,0.299,4.92,0.1
2017,8,0.9,NaN,-0.14,24.87,26.7,0.15,-1.53,0.09,0.2,0.306,4.87,-0.04
2017,9,1,NaN,-0.44,24.18,26.29,-0.492,-0.45,0.32,-0.32,0.347,3.67,1.42
2017,10,1.5,NaN,-0.7,24.26,26.15,0.69,0.71,0.05,-0.28,0.43,3.13,1.36
2017,11,1.5,NaN,-0.88,24.02,25.74,-0.078,-0.14,0.15,-1.98,0.348,2.73,-0.9
2017,12,-0.2,NaN,-0.97,24,25.62,-0.059,0.73,0.5,0.58,0.361,0.17,1
2018,1,1.8,NaN,-0.87,24.48,25.57,-0.281,1.17,0.7,-0.14,0.169,-0.07,1.82
2018,2,-0.8,NaN,-0.76,25.5,25.97,0.113,1.34,0.37,-1.67,0.059,-0.06,-0.1
2018,3,2.4,NaN,-0.6,26.27,26.48,-0.941,-1.38,-0.05,-1.16,0.128,0.11,-1.12
2018,4,0.8,NaN,-0.41,26.96,27.31,0.544,1.2,0.11,-1.12,0.06,0.92,2.37
2018,5,0.6,NaN,-0.13,26.92,27.73,1.18,2.02,0.11,-1.09,-0.004,0.5,2.01
2018,6,-0.2,NaN,0.06,26.63,27.77,0.38,1.41,-0.04,0.66,-0.015,0.92,-1.4
2018,7,0.4,NaN,0.11,25.92,27.42,0.612,1.42,0.11,-0.76,0.014,0.81,3.83
2018,8,-0.5,NaN,0.2,25.06,26.94,0.836,2.4,0.18,1.24,0.109,2.65,1.26
2018,9,-1.5,NaN,0.43,25.25,27.19,0.585,1.78,0.09,1.16,0.159,5.28,0.45
2018,10,0.6,NaN,0.7,25.73,27.62,0.413,1.53,NaN,0.39,0.14,3.62,-1.17
2018,11,-0.1,NaN,0.85,26,27.61,-1.116,-0.25,NaN,0.22,-0.124,1.47,-1.28
2018,12,1.7,NaN,0.82,26.14,27.49,0.11,0.48,NaN,0.56,-0.063,0.39,1.93
2019,1,-0.1,NaN,0.81,26.25,27.2,-0.713,0.18,NaN,0.42,-0.018,0.36,-0.36
2019,2,-2.3,NaN,0.83,26.99,27.48,1.149,-0.11,NaN,-1.73,0.077,0.59,1.9
2019,3,-0.5,NaN,0.82,27.84,28.1,2.116,0.89,NaN,-0.05,0.118,0.85,2.39
2019,4,0.2,NaN,0.76,28.13,28.45,-0.255,0.36,NaN,-0.84,0.12,2.41,1.7
2019,5,-0.7,NaN,0.64,27.75,28.5,-1.231,-2.38,NaN,-0.17,0.084,1.3,2.05
2019,6,-0.7,NaN,0.53,26.82,28.19,-0.601,-0.79,NaN,0.24,0.17,4.24,-2.82
2019,7,-0.6,NaN,0.31,25.71,27.66,-0.89,-1.39,NaN,0.62,0.349,5.99,-2.79
2019,8,-0.2,NaN,0.12,24.8,26.91,-0.722,-1.62,NaN,1.16,0.335,5.89,NaN
2019,9,-1.9,NaN,0.14,24.64,26.76,0.306,-0.01,NaN,1.62,0.242,5.35,NaN
2019,10,-0.6,NaN,NaN,25.14,27.19,-0.082,NaN,NaN,-0.97,NaN,5.63,NaN
2019,11,NaN,NaN,NaN,25.42,NaN,NaN,NaN,NaN,NaN,NaN,NaN,NaN
2019,12,NaN,NaN,NaN,NaN,NaN,NaN,NaN,NaN,NaN,NaN,NaN,NaN
